Date,PID,ProcessName,Memory,CPU
2025-03-18,93979,android-studio,1309306 kB,38.1
2025-03-18,24962,chrome,792735 kB,5.2
2025-03-18,24962,chrome,1221583 kB,24.5
2025-03-18,50117,firefox,814498 kB,4.4
2025-03-18,79178,spotify,166189 kB,5.4
2025-03-18,2500,gnome-shell,193823 kB,2.6
2025-03-18,50117,firefox,605817 kB,13.3
2025-03-18,98777,csgo_linux,1292386 kB,44.2
2025-03-18,44899,emulator,1726638 kB,25.9
2025-03-18,91811,discord,221952 kB,11.0
2025-03-18,91811,discord,201979 kB,7.3
2025-03-18,11969,code,388396 kB,7.8
2025-03-18,44899,emulator,2244590 kB,49.4
2025-03-18,24962,chrome,609837 kB,15.5
2025-03-18,93979,android-studio,1847349 kB,11.9
2025-03-18,79178,spotify,225004 kB,5.6
2025-03-18,2500,gnome-shell,190909 kB,2.3
2025-03-18,50117,firefox,1069655 kB,17.6
2025-03-18,50117,firefox,902190 kB,8.9
2025-03-18,44899,emulator,1883166 kB,59.9
2025-03-18,91811,discord,151722 kB,4.9
2025-03-18,24962,chrome,672431 kB,11.9
2025-03-18,94114,android-studio,1687580 kB,12.3
2025-03-18,2500,gnome-shell,125487 kB,2.5
2025-03-18,53823,steam,446970 kB,27.0
2025-03-18,91297,steam,490998 kB,6.9
2025-03-18,91811,discord,317969 kB,10.0
2025-03-18,50992,gradle,416077 kB,11.4
2025-03-18,11969,code,376094 kB,8.0
2025-03-18,91811,discord,430684 kB,10.4
2025-03-18,91811,discord,252399 kB,3.2
2025-03-18,80003,android-studio,1842919 kB,37.1
2025-03-18,1234,Xorg,75612 kB,2.3
2025-03-18,50117,firefox,974088 kB,4.2
2025-03-18,11969,code,430881 kB,7.1
2025-03-18,50992,gradle,333836 kB,9.2
2025-03-18,68045,steam,438655 kB,27.9
2025-03-18,14640,gradle,607870 kB,11.0
2025-03-18,2500,gnome-shell,184014 kB,1.8
2025-03-18,98777,csgo_linux,1362184 kB,61.0
2025-03-18,11969,code,401510 kB,13.1
2025-03-18,80003,android-studio,1399301 kB,45.2
2025-03-18,98777,csgo_linux,1595655 kB,57.7
2025-03-18,98777,csgo_linux,1775388 kB,76.2
2025-03-18,98777,csgo_linux,1326335 kB,59.2
2025-03-18,91811,discord,151203 kB,9.0
2025-03-18,80003,android-studio,1303488 kB,33.3
2025-03-18,24962,chrome,729537 kB,13.7
2025-03-18,50117,firefox,978746 kB,11.3
2025-03-19,76176,postman,294934 kB,8.4
2025-03-19,50117,firefox,939001 kB,6.1
2025-03-19,50117,firefox,751114 kB,4.7
2025-03-19,44899,emulator,2674540 kB,15.4
2025-03-19,11969,code,443425 kB,8.8
2025-03-19,41284,android-studio,1380671 kB,33.9
2025-03-19,79178,spotify,140932 kB,2.6
2025-03-19,24962,chrome,1395685 kB,21.3
2025-03-19,44899,emulator,1459044 kB,30.4
2025-03-19,68045,steam,571204 kB,30.1
2025-03-19,68045,steam,620024 kB,6.4
2025-03-19,98777,csgo_linux,1378521 kB,33.9
2025-03-19,98777,csgo_linux,1228468 kB,40.8
2025-03-19,50117,firefox,412514 kB,15.0
2025-03-19,14640,gradle,527139 kB,10.1
2025-03-19,2500,gnome-shell,189081 kB,4.9
2025-03-19,2500,gnome-shell,203481 kB,4.4
2025-03-19,98777,csgo_linux,1884327 kB,69.2
2025-03-19,50117,firefox,755032 kB,8.0
2025-03-19,82754,zoom,415373 kB,4.3
2025-03-19,11969,code,369838 kB,4.2
2025-03-19,91811,discord,363198 kB,8.6
2025-03-19,90230,firefox,990065 kB,2.6
2025-03-19,1234,Xorg,98458 kB,1.0
2025-03-19,11969,code,289387 kB,3.8
2025-03-19,11969,code,450895 kB,9.4
2025-03-19,79178,spotify,263708 kB,5.2
2025-03-19,82754,zoom,313434 kB,7.8
2025-03-19,11969,code,513645 kB,11.5
2025-03-19,44899,emulator,1508029 kB,22.4
2025-03-19,24962,chrome,1352786 kB,17.9
2025-03-19,44899,emulator,1746137 kB,43.6
2025-03-19,90230,firefox,415108 kB,6.0
2025-03-19,41284,android-studio,1603951 kB,21.8
2025-03-19,76176,postman,329608 kB,2.5
2025-03-19,24962,chrome,1371811 kB,17.3
2025-03-19,44899,emulator,2478557 kB,44.5
2025-03-19,23328,zoom,499298 kB,20.3
2025-03-19,11969,code,480653 kB,14.6
2025-03-19,58579,steam,767350 kB,17.2
2025-03-19,11969,code,464411 kB,13.9
2025-03-19,60254,firefox,775058 kB,15.2
2025-03-19,23328,zoom,267554 kB,12.8
2025-03-19,23328,zoom,278070 kB,8.8
2025-03-20,91811,discord,270070 kB,10.2
2025-03-20,44899,emulator,2783052 kB,53.3
2025-03-20,2500,gnome-shell,138229 kB,1.5
2025-03-20,68548,android-studio,1208767 kB,32.6
2025-03-20,60254,firefox,820445 kB,9.3
2025-03-20,98777,csgo_linux,1798225 kB,38.9
2025-03-20,91811,discord,278302 kB,3.3
2025-03-20,91811,discord,344209 kB,7.1
2025-03-20,60254,firefox,600880 kB,10.5
2025-03-20,16836,steam,293797 kB,23.2
2025-03-20,14640,gradle,514725 kB,10.3
2025-03-20,68548,android-studio,1076529 kB,14.0
2025-03-20,68548,android-studio,1958102 kB,31.0
2025-03-20,24962,chrome,1382755 kB,5.7
2025-03-20,90173,code,504528 kB,8.4
2025-03-20,24962,chrome,847486 kB,10.4
2025-03-20,91811,discord,172675 kB,3.0
2025-03-20,24962,chrome,1008579 kB,16.1
2025-03-20,23328,zoom,457414 kB,14.2
2025-03-20,91811,discord,196776 kB,5.1
2025-03-20,76176,postman,237776 kB,5.5
2025-03-20,2500,gnome-shell,132336 kB,3.9
2025-03-20,60254,firefox,911887 kB,2.9
2025-03-20,76176,postman,344530 kB,7.6
2025-03-20,98777,csgo_linux,1428943 kB,26.9
2025-03-20,44899,emulator,1886010 kB,51.8
2025-03-20,91811,discord,349342 kB,3.3
2025-03-20,44899,emulator,2504930 kB,36.0
2025-03-20,1234,Xorg,65418 kB,2.1
2025-03-20,24962,chrome,706760 kB,19.9
2025-03-20,2500,gnome-shell,186262 kB,4.6
2025-03-20,68548,android-studio,1616223 kB,15.7
2025-03-20,16836,steam,532250 kB,10.2
2025-03-20,23328,zoom,299966 kB,18.8
2025-03-20,26917,emulator,2441796 kB,18.7
2025-03-20,90173,code,267670 kB,5.6
2025-03-20,98777,csgo_linux,2361622 kB,68.3
2025-03-20,16836,steam,559170 kB,33.9
2025-03-20,24962,chrome,1334245 kB,5.4
2025-03-20,24962,chrome,526666 kB,21.9
2025-03-20,16836,steam,629152 kB,13.5
2025-03-20,90173,code,256756 kB,12.7
2025-03-20,79178,spotify,241751 kB,3.5
2025-03-20,23328,zoom,283272 kB,16.9
2025-03-20,16836,steam,233653 kB,39.0
2025-03-20,12280,chrome,634816 kB,24.1
2025-03-20,90173,code,471920 kB,9.8
2025-03-20,87092,emulator,1983862 kB,52.8
2025-03-20,12280,chrome,822476 kB,17.9
2025-03-20,90173,code,261370 kB,12.8
2025-03-20,48748,firefox,1106871 kB,5.5
2025-03-21,2500,gnome-shell,201108 kB,1.5
2025-03-21,68548,android-studio,1701597 kB,12.6
2025-03-21,91811,discord,154344 kB,11.9
2025-03-21,1234,Xorg,70020 kB,0.8
2025-03-21,23328,zoom,409667 kB,13.1
2025-03-21,1234,Xorg,75723 kB,0.9
2025-03-21,87092,emulator,2573970 kB,63.5
2025-03-21,98777,csgo_linux,1822034 kB,54.2
2025-03-21,51924,gradle,537733 kB,24.8
2025-03-21,91811,discord,284450 kB,5.6
2025-03-21,87092,emulator,1896077 kB,56.0
2025-03-21,12280,chrome,915337 kB,7.2
2025-03-21,23328,zoom,237646 kB,8.0
2025-03-21,54479,chrome,525834 kB,9.8
2025-03-21,98777,csgo_linux,1604170 kB,45.6
2025-03-21,90173,code,284859 kB,9.8
2025-03-21,65935,postman,341676 kB,3.7
2025-03-21,48748,firefox,903958 kB,6.8
2025-03-21,87092,emulator,2041040 kB,52.2
2025-03-21,54479,chrome,752814 kB,12.2
2025-03-21,10472,csgo_linux,2232850 kB,50.0
2025-03-21,41747,minecraft,1469839 kB,21.6
2025-03-21,16836,steam,703810 kB,17.4
2025-03-21,10472,csgo_linux,1988692 kB,38.9
2025-03-21,48748,firefox,423139 kB,17.1
2025-03-21,87640,code,298871 kB,8.7
2025-03-21,1234,Xorg,91419 kB,2.4
2025-03-21,54479,chrome,854519 kB,16.1
2025-03-21,23328,zoom,286927 kB,9.7
2025-03-21,54479,chrome,1253897 kB,9.6
2025-03-21,54479,chrome,812485 kB,5.0
2025-03-21,51579,minecraft,1075125 kB,34.0
2025-03-21,48748,firefox,497788 kB,15.8
2025-03-21,99823,obs,286208 kB,19.7
2025-03-21,54479,chrome,664746 kB,5.3
2025-03-21,54479,chrome,873979 kB,14.2
2025-03-21,91811,discord,362810 kB,5.8
2025-03-21,48748,firefox,685891 kB,7.7
2025-03-21,87092,emulator,1547800 kB,60.9
2025-03-21,91811,discord,243641 kB,2.7
2025-03-21,65935,postman,270456 kB,9.4
2025-03-21,2500,gnome-shell,162638 kB,2.0
2025-03-21,87092,emulator,2431006 kB,74.4
2025-03-21,87092,emulator,2771157 kB,48.7
2025-03-21,51924,gradle,364796 kB,10.1
2025-03-21,54479,chrome,687880 kB,25.8
2025-03-21,23328,zoom,498287 kB,21.6
2025-03-21,27091,spotify,215058 kB,6.0
2025-03-21,1234,Xorg,67206 kB,2.0
2025-03-21,68548,android-studio,1823770 kB,22.5
2025-03-21,87092,emulator,1486968 kB,74.6
2025-03-22,65935,postman,201648 kB,7.3
2025-03-22,23328,zoom,272406 kB,16.9
2025-03-22,23328,zoom,393936 kB,7.8
2025-03-22,2500,gnome-shell,212779 kB,4.3
2025-03-22,68548,android-studio,1777216 kB,26.7
2025-03-22,22646,gradle,657887 kB,8.1
2025-03-22,87640,code,253072 kB,4.7
2025-03-22,23328,zoom,354468 kB,8.3
2025-03-22,65935,postman,282198 kB,5.2
2025-03-22,23328,zoom,229330 kB,5.2
2025-03-22,23328,zoom,488054 kB,8.6
2025-03-22,1234,Xorg,60151 kB,1.6
2025-03-22,23328,zoom,292426 kB,16.4
2025-03-22,27091,spotify,124888 kB,6.9
2025-03-22,23328,zoom,235915 kB,10.0
2025-03-22,87092,emulator,1956371 kB,32.7
2025-03-22,2500,gnome-shell,125251 kB,1.8
2025-03-22,65935,postman,158969 kB,5.7
2025-03-22,87640,code,442584 kB,5.2
2025-03-22,87640,code,522049 kB,11.3
2025-03-22,10472,csgo_linux,2336365 kB,67.7
2025-03-22,51579,minecraft,1339804 kB,22.3
2025-03-22,91811,discord,409535 kB,4.6
2025-03-22,22646,gradle,563629 kB,18.4
2025-03-22,91811,discord,316861 kB,10.0
2025-03-22,27091,spotify,242641 kB,5.6
2025-03-22,2500,gnome-shell,154268 kB,1.3
2025-03-22,16836,steam,549801 kB,24.2
2025-03-22,68548,android-studio,1525591 kB,36.0
2025-03-22,87640,code,438213 kB,10.5
2025-03-22,91811,discord,313810 kB,2.4
2025-03-22,54479,chrome,655888 kB,13.5
2025-03-22,87092,emulator,2002114 kB,20.7
2025-03-22,54479,chrome,1401594 kB,8.8
2025-03-22,23328,zoom,389746 kB,15.0
2025-03-22,23328,zoom,437236 kB,9.1
2025-03-22,48748,firefox,425041 kB,4.0
2025-03-22,16836,steam,299643 kB,20.6
2025-03-22,88266,minecraft,1387269 kB,28.3
2025-03-22,68548,android-studio,1545916 kB,24.8
2025-03-22,27091,spotify,236759 kB,3.4
2025-03-22,16836,steam,584301 kB,35.3
2025-03-22,59700,gradle,365105 kB,13.3
2025-03-22,23328,zoom,274742 kB,17.9
2025-03-22,65935,postman,152261 kB,6.1
2025-03-22,91811,discord,315396 kB,13.2
2025-03-22,16836,steam,311188 kB,32.8
2025-03-22,10472,csgo_linux,2049626 kB,47.3
2025-03-23,16836,steam,424358 kB,19.2
2025-03-23,65935,postman,327970 kB,9.0
2025-03-23,65935,postman,267680 kB,8.5
2025-03-23,65935,postman,217775 kB,5.6
2025-03-23,48748,firefox,732643 kB,2.4
2025-03-23,99823,obs,397935 kB,17.4
2025-03-23,93293,postman,274064 kB,5.7
2025-03-23,10472,csgo_linux,1521187 kB,74.5
2025-03-23,23328,zoom,495134 kB,14.9
2025-03-23,54479,chrome,925445 kB,20.5
2025-03-23,91811,discord,305822 kB,10.5
2025-03-23,91811,discord,215009 kB,5.9
2025-03-23,10070,chrome,618082 kB,15.1
2025-03-23,32309,android-studio,1897832 kB,29.5
2025-03-23,93293,postman,310394 kB,5.1
2025-03-23,23328,zoom,331078 kB,9.9
2025-03-23,93293,postman,323271 kB,2.8
2025-03-23,10070,chrome,806472 kB,9.4
2025-03-23,99823,obs,571734 kB,32.8
2025-03-23,87640,code,333109 kB,5.1
2025-03-23,91811,discord,388072 kB,4.8
2025-03-23,88266,minecraft,980812 kB,28.5
2025-03-23,1234,Xorg,87116 kB,0.8
2025-03-23,1234,Xorg,75380 kB,1.5
2025-03-23,99823,obs,474169 kB,14.2
2025-03-23,48748,firefox,840426 kB,17.4
2025-03-23,1234,Xorg,82175 kB,1.9
2025-03-23,48748,firefox,770671 kB,9.3
2025-03-23,23328,zoom,309861 kB,11.1
2025-03-23,59700,gradle,394903 kB,15.8
2025-03-23,91811,discord,439510 kB,6.3
2025-03-23,93293,postman,281649 kB,5.8
2025-03-23,93293,postman,279153 kB,3.1
2025-03-23,10070,chrome,519489 kB,26.8
2025-03-23,16836,steam,242739 kB,16.7
2025-03-23,87092,emulator,1882805 kB,34.0
2025-03-23,32309,android-studio,1620772 kB,30.9
2025-03-23,23328,zoom,498232 kB,8.2
2025-03-23,88266,minecraft,1554356 kB,50.4
2025-03-23,87092,emulator,2581692 kB,75.4
2025-03-23,91811,discord,361097 kB,6.5
2025-03-23,16836,steam,309933 kB,40.7
2025-03-23,23328,zoom,413324 kB,17.2
2025-03-23,48748,firefox,1005564 kB,14.6
2025-03-23,93293,postman,195901 kB,4.6
2025-03-23,91811,discord,393123 kB,9.8
2025-03-24,32309,android-studio,1322131 kB,28.7
2025-03-24,23328,zoom,468365 kB,14.5
2025-03-24,88266,minecraft,891181 kB,34.4
2025-03-24,23328,zoom,237336 kB,8.6
2025-03-24,27091,spotify,176658 kB,2.8
2025-03-24,48748,firefox,854552 kB,3.6
2025-03-24,27815,firefox,865081 kB,16.6
2025-03-24,27815,firefox,645359 kB,10.9
2025-03-24,27815,firefox,476497 kB,7.6
2025-03-24,10070,chrome,1467867 kB,17.1
2025-03-24,88266,minecraft,1586058 kB,66.0
2025-03-24,27091,spotify,164483 kB,1.8
2025-03-24,87640,code,411019 kB,8.1
2025-03-24,88266,minecraft,1105242 kB,65.7
2025-03-24,87092,emulator,2573616 kB,36.3
2025-03-24,91811,discord,371563 kB,9.2
2025-03-24,10070,chrome,712353 kB,8.7
2025-03-24,16836,steam,744350 kB,26.1
2025-03-24,93293,postman,347683 kB,8.9
2025-03-24,27815,firefox,730967 kB,17.0
2025-03-24,10070,chrome,1120264 kB,15.9
2025-03-24,93293,postman,214784 kB,7.1
2025-03-24,27815,firefox,410283 kB,9.2
2025-03-24,99823,obs,263743 kB,8.8
2025-03-24,87092,emulator,2217156 kB,40.6
2025-03-24,10070,chrome,1168594 kB,18.3
2025-03-24,87092,emulator,2301248 kB,43.8
2025-03-24,16836,steam,420683 kB,15.4
2025-03-24,93293,postman,223963 kB,7.6
2025-03-24,27815,firefox,1016291 kB,3.1
2025-03-24,48672,chrome,1003766 kB,11.8
2025-03-24,87092,emulator,1934975 kB,54.8
2025-03-24,26599,firefox,550283 kB,5.9
2025-03-24,87092,emulator,2334957 kB,38.6
2025-03-24,49376,discord,268761 kB,3.8
2025-03-24,26599,firefox,599299 kB,8.5
2025-03-24,72501,zoom,399118 kB,5.2
2025-03-24,99823,obs,437509 kB,34.3
2025-03-24,2500,gnome-shell,211449 kB,4.4
2025-03-24,49376,discord,271723 kB,6.3
2025-03-24,59700,gradle,618317 kB,12.4
2025-03-24,72501,zoom,460339 kB,5.6
2025-03-24,93293,postman,275037 kB,5.6
2025-03-24,88266,minecraft,1249956 kB,42.3
2025-03-24,72501,zoom,422045 kB,9.9
2025-03-24,26599,firefox,855247 kB,9.4
2025-03-24,72501,zoom,457617 kB,10.7
2025-03-24,99823,obs,223917 kB,27.5
2025-03-24,72501,zoom,449757 kB,17.4
2025-03-24,48672,chrome,1392305 kB,19.3
2025-03-24,72501,zoom,253472 kB,23.0
2025-03-24,27091,spotify,116453 kB,7.9
2025-03-24,41773,zoom,366241 kB,20.4
2025-03-24,1234,Xorg,68691 kB,2.4
2025-03-24,87092,emulator,1821873 kB,31.6
2025-03-25,48672,chrome,1157971 kB,14.4
2025-03-25,2500,gnome-shell,136956 kB,4.5
2025-03-25,2500,gnome-shell,148089 kB,2.2
2025-03-25,93293,postman,195518 kB,7.0
2025-03-25,41773,zoom,352109 kB,17.4
2025-03-25,16836,steam,547005 kB,30.7
2025-03-25,88266,minecraft,810534 kB,58.9
2025-03-25,93293,postman,269323 kB,3.1
2025-03-25,41773,zoom,413784 kB,8.6
2025-03-25,46535,csgo_linux,1857304 kB,66.8
2025-03-25,26599,firefox,800598 kB,15.8
2025-03-25,2500,gnome-shell,198014 kB,2.7
2025-03-25,26599,firefox,855650 kB,13.0
2025-03-25,93293,postman,302479 kB,4.4
2025-03-25,46535,csgo_linux,1829751 kB,57.3
2025-03-25,49376,discord,311473 kB,7.5
2025-03-25,2500,gnome-shell,170216 kB,2.8
2025-03-25,10520,chrome,911211 kB,16.8
2025-03-25,41773,zoom,424810 kB,6.8
2025-03-25,26599,firefox,978127 kB,9.6
2025-03-25,32309,android-studio,1120750 kB,17.0
2025-03-25,87092,emulator,1281622 kB,31.2
2025-03-25,87640,code,510305 kB,4.6
2025-03-25,79852,zoom,450711 kB,11.3
2025-03-25,46535,csgo_linux,2138821 kB,39.9
2025-03-25,79852,zoom,483126 kB,15.1
2025-03-25,87092,emulator,1529576 kB,40.0
2025-03-25,79852,zoom,308177 kB,4.4
2025-03-25,22880,discord,421913 kB,4.5
2025-03-25,99823,obs,464524 kB,17.6
2025-03-25,41084,zoom,439559 kB,10.7
2025-03-25,2500,gnome-shell,135353 kB,4.2
2025-03-25,88266,minecraft,1296225 kB,26.2
2025-03-25,41084,zoom,318279 kB,8.9
2025-03-25,32309,android-studio,1123114 kB,18.3
2025-03-25,26599,firefox,1145798 kB,12.2
2025-03-25,87092,emulator,1455326 kB,36.0
2025-03-25,87640,code,520926 kB,8.2
2025-03-25,41084,zoom,301661 kB,19.1
2025-03-25,41084,zoom,231733 kB,6.4
2025-03-25,46455,zoom,370478 kB,8.1
2025-03-25,32309,android-studio,1303507 kB,43.0
2025-03-25,46455,zoom,299307 kB,22.6
2025-03-25,22880,discord,262296 kB,9.9
2025-03-25,88266,minecraft,1014352 kB,66.7
2025-03-25,93293,postman,157155 kB,4.1
2025-03-25,87640,code,480186 kB,11.1
2025-03-25,46455,zoom,313135 kB,8.1
2025-03-25,93293,postman,222189 kB,5.1
2025-03-25,50932,zoom,388267 kB,10.7
2025-03-26,87092,emulator,2466461 kB,28.7
2025-03-26,88266,minecraft,1321012 kB,26.4
2025-03-26,10520,chrome,1368264 kB,19.1
2025-03-26,86658,emulator,1900981 kB,42.8
2025-03-26,32309,android-studio,1359207 kB,13.1
2025-03-26,93293,postman,266503 kB,3.7
2025-03-26,79665,csgo_linux,2196368 kB,77.2
2025-03-26,26599,firefox,756400 kB,13.5
2025-03-26,32309,android-studio,1091113 kB,24.5
2025-03-26,1234,Xorg,82143 kB,2.4
2025-03-26,26599,firefox,791485 kB,14.9
2025-03-26,32309,android-studio,1828494 kB,38.7
2025-03-26,10520,chrome,886725 kB,19.4
2025-03-26,99092,zoom,356672 kB,6.2
2025-03-26,87640,code,543169 kB,5.3
2025-03-26,93293,postman,174606 kB,4.2
2025-03-26,32309,android-studio,1423783 kB,15.6
2025-03-26,70979,discord,269385 kB,9.5
2025-03-26,99092,zoom,256686 kB,19.4
2025-03-26,59700,gradle,642820 kB,10.8
2025-03-26,42900,csgo_linux,1392476 kB,34.7
2025-03-26,61694,minecraft,902777 kB,30.1
2025-03-26,86658,emulator,1993025 kB,16.9
2025-03-26,27687,zoom,305145 kB,4.8
2025-03-26,93293,postman,197859 kB,8.5
2025-03-26,14344,android-studio,1657922 kB,22.7
2025-03-26,10520,chrome,962080 kB,17.1
2025-03-26,61694,minecraft,1203176 kB,55.0
2025-03-26,10520,chrome,757085 kB,15.9
2025-03-26,27687,zoom,380481 kB,11.6
2025-03-26,26599,firefox,419052 kB,4.2
2025-03-26,27687,zoom,331331 kB,16.8
2025-03-26,27687,zoom,261462 kB,16.7
2025-03-26,74708,postman,206406 kB,4.3
2025-03-26,27687,zoom,371135 kB,16.3
2025-03-26,87640,code,350544 kB,10.4
2025-03-26,1234,Xorg,97803 kB,2.1
2025-03-26,74708,postman,344429 kB,5.9
2025-03-26,42900,csgo_linux,1728153 kB,39.5
2025-03-26,2500,gnome-shell,123593 kB,5.7
2025-03-26,10520,chrome,556385 kB,11.7
2025-03-26,63196,emulator,2055486 kB,43.0
2025-03-26,27687,zoom,242435 kB,17.3
2025-03-26,35195,zoom,462325 kB,14.9
2025-03-26,35195,zoom,367074 kB,14.7
2025-03-26,14344,android-studio,1353334 kB,24.0
2025-03-27,14344,android-studio,1100760 kB,17.8
2025-03-27,14344,android-studio,1901135 kB,30.5
2025-03-27,74708,postman,340319 kB,4.3
2025-03-27,35195,zoom,322710 kB,19.5
2025-03-27,59700,gradle,550668 kB,6.5
2025-03-27,16836,steam,696444 kB,19.7
2025-03-27,26599,firefox,863644 kB,8.5
2025-03-27,87640,code,431101 kB,6.9
2025-03-27,14344,android-studio,1795196 kB,38.4
2025-03-27,35195,zoom,223379 kB,4.2
2025-03-27,74708,postman,245888 kB,9.7
2025-03-27,89251,android-studio,1857528 kB,35.5
2025-03-27,26599,firefox,693112 kB,12.8
2025-03-27,26599,firefox,594825 kB,13.2
2025-03-27,42900,csgo_linux,1567805 kB,56.2
2025-03-27,2500,gnome-shell,183115 kB,4.5
2025-03-27,10520,chrome,1257368 kB,6.8
2025-03-27,72373,code,343151 kB,8.2
2025-03-27,59700,gradle,456449 kB,8.7
2025-03-27,89251,android-studio,1272155 kB,17.7
2025-03-27,74708,postman,286457 kB,3.0
2025-03-27,2500,gnome-shell,167729 kB,4.1
2025-03-27,99823,obs,446696 kB,21.7
2025-03-27,74708,postman,316960 kB,8.7
2025-03-27,59700,gradle,598292 kB,9.9
2025-03-27,70979,discord,151863 kB,4.1
2025-03-27,99823,obs,342678 kB,32.9
2025-03-27,63196,emulator,2580770 kB,39.4
2025-03-27,35195,zoom,298448 kB,9.6
2025-03-27,61694,minecraft,1001393 kB,47.2
2025-03-27,70145,discord,309025 kB,8.7
2025-03-27,67502,android-studio,1208474 kB,28.4
2025-03-27,16836,steam,543893 kB,12.9
2025-03-27,67502,android-studio,1687116 kB,11.8
2025-03-27,74708,postman,207606 kB,2.3
2025-03-27,35195,zoom,490720 kB,11.3
2025-03-27,59700,gradle,377079 kB,5.2
2025-03-27,70145,discord,370508 kB,8.6
2025-03-27,67502,android-studio,1345172 kB,39.8
2025-03-27,72373,code,437520 kB,5.5
2025-03-27,99823,obs,221144 kB,19.6
2025-03-27,35195,zoom,225106 kB,15.4
2025-03-27,35195,zoom,306406 kB,12.7
2025-03-27,99823,obs,215495 kB,19.2
2025-03-27,72373,code,279563 kB,14.5
2025-03-27,70145,discord,315028 kB,9.6
2025-03-28,63196,emulator,2234390 kB,19.8
2025-03-28,35195,zoom,253774 kB,5.5
2025-03-28,74708,postman,182598 kB,9.2
2025-03-28,27091,spotify,243443 kB,3.1
2025-03-28,26599,firefox,934502 kB,4.3
2025-03-28,35195,zoom,369623 kB,9.9
2025-03-28,61694,minecraft,1138915 kB,39.6
2025-03-28,41164,chrome,1071315 kB,15.7
2025-03-28,61694,minecraft,985441 kB,27.0
2025-03-28,27091,spotify,252282 kB,2.3
2025-03-28,72373,code,482295 kB,12.7
2025-03-28,74708,postman,277980 kB,5.0
2025-03-28,35195,zoom,433606 kB,4.1
2025-03-28,72373,code,269133 kB,12.5
2025-03-28,35195,zoom,370554 kB,10.1
2025-03-28,17803,minecraft,841060 kB,21.4
2025-03-28,41164,chrome,1005763 kB,17.8
2025-03-28,2500,gnome-shell,218163 kB,3.0
2025-03-28,16836,steam,768303 kB,15.2
2025-03-28,54162,chrome,1318982 kB,12.8
2025-03-28,12871,zoom,247198 kB,11.7
2025-03-28,54162,chrome,557514 kB,24.8
2025-03-28,59060,zoom,405326 kB,5.9
2025-03-28,59060,zoom,226477 kB,5.5
2025-03-28,42900,csgo_linux,1926323 kB,56.7
2025-03-28,67502,android-studio,1153533 kB,31.7
2025-03-28,17803,minecraft,1551435 kB,33.5
2025-03-28,59700,gradle,535305 kB,16.6
2025-03-28,59060,zoom,373319 kB,14.6
2025-03-28,54162,chrome,729470 kB,15.9
2025-03-28,15573,gradle,508175 kB,8.7
2025-03-28,67502,android-studio,1758369 kB,37.8
2025-03-28,54162,chrome,1105837 kB,23.3
2025-03-28,15573,gradle,621840 kB,27.3
2025-03-28,26599,firefox,444688 kB,16.4
2025-03-28,59060,zoom,378201 kB,16.7
2025-03-28,42900,csgo_linux,1432158 kB,92.7
2025-03-28,2500,gnome-shell,154527 kB,3.7
2025-03-28,59060,zoom,317715 kB,14.0
2025-03-28,86927,minecraft,941366 kB,75.0
2025-03-28,74708,postman,249783 kB,3.8
2025-03-28,99823,obs,297199 kB,35.8
2025-03-29,54162,chrome,910160 kB,21.5
2025-03-29,15573,gradle,689813 kB,10.7
2025-03-29,47874,android-studio,1154364 kB,14.7
2025-03-29,47874,android-studio,1679491 kB,33.0
2025-03-29,42900,csgo_linux,2159797 kB,67.5
2025-03-29,54162,chrome,867921 kB,16.7
2025-03-29,16836,steam,216847 kB,28.1
2025-03-29,59060,zoom,205124 kB,14.1
2025-03-29,74708,postman,276144 kB,6.6
2025-03-29,99823,obs,488101 kB,32.0
2025-03-29,99823,obs,278192 kB,14.9
2025-03-29,59060,zoom,452496 kB,9.0
2025-03-29,97509,firefox,1060801 kB,7.0
2025-03-29,2500,gnome-shell,203308 kB,3.1
2025-03-29,54162,chrome,665461 kB,23.3
2025-03-29,63196,emulator,1689105 kB,51.2
2025-03-29,74708,postman,284487 kB,9.3
2025-03-29,44348,postman,221027 kB,3.8
2025-03-29,44348,postman,349462 kB,4.0
2025-03-29,44348,postman,338311 kB,5.2
2025-03-29,99823,obs,403008 kB,26.7
2025-03-29,59060,zoom,475477 kB,13.7
2025-03-29,54162,chrome,1318163 kB,14.2
2025-03-29,97509,firefox,957401 kB,2.9
2025-03-29,59060,zoom,364377 kB,7.6
2025-03-29,90816,zoom,413611 kB,10.6
2025-03-29,16836,steam,385061 kB,10.6
2025-03-29,54162,chrome,600549 kB,23.2
2025-03-29,86927,minecraft,1200642 kB,61.4
2025-03-29,44348,postman,216774 kB,7.7
2025-03-29,90816,zoom,334088 kB,12.3
2025-03-29,86927,minecraft,1334338 kB,27.7
2025-03-29,86927,minecraft,994258 kB,39.5
2025-03-29,99823,obs,200560 kB,23.2
2025-03-29,97509,firefox,1016485 kB,11.9
2025-03-29,2500,gnome-shell,183293 kB,3.5
2025-03-29,97509,firefox,939314 kB,14.1
2025-03-29,99823,obs,293377 kB,29.8
2025-03-29,70145,discord,239427 kB,11.3
2025-03-29,16836,steam,288848 kB,17.3
2025-03-29,44348,postman,273592 kB,10.7
2025-03-29,86927,minecraft,800129 kB,55.0
2025-03-29,71614,zoom,387920 kB,19.5
2025-03-29,16498,android-studio,1378323 kB,20.8
2025-03-29,72373,code,393863 kB,12.9
2025-03-29,97509,firefox,914747 kB,8.4
2025-03-29,44348,postman,295206 kB,10.7
2025-03-29,85571,chrome,599441 kB,22.1
2025-03-29,72373,code,402151 kB,13.9
2025-03-29,97509,firefox,645715 kB,11.6
2025-03-29,85571,chrome,1336316 kB,13.1
2025-03-30,44348,postman,311405 kB,5.9
2025-03-30,95472,postman,325892 kB,8.9
2025-03-30,63196,emulator,1625123 kB,33.2
2025-03-30,95472,postman,249481 kB,4.6
2025-03-30,85571,chrome,824992 kB,19.7
2025-03-30,2500,gnome-shell,135022 kB,3.3
2025-03-30,16836,steam,287704 kB,14.7
2025-03-30,71614,zoom,457125 kB,18.0
2025-03-30,85571,chrome,1150423 kB,20.8
2025-03-30,80312,minecraft,1462109 kB,38.0
2025-03-30,97509,firefox,450779 kB,3.0
2025-03-30,71614,zoom,213771 kB,17.6
2025-03-30,95472,postman,325571 kB,2.1
2025-03-30,71614,zoom,453003 kB,6.4
2025-03-30,71614,zoom,394211 kB,17.1
2025-03-30,71614,zoom,438334 kB,19.4
2025-03-30,27091,spotify,188166 kB,6.7
2025-03-30,42900,csgo_linux,1734827 kB,57.3
2025-03-30,16498,android-studio,1586294 kB,13.8
2025-03-30,99823,obs,243504 kB,29.3
2025-03-30,72373,code,411466 kB,11.4
2025-03-30,71614,zoom,485823 kB,18.5
2025-03-30,80312,minecraft,1565000 kB,68.4
2025-03-30,71614,zoom,277964 kB,7.0
2025-03-30,36104,steam,746135 kB,25.1
2025-03-30,85571,chrome,949477 kB,9.3
2025-03-30,33705,firefox,813814 kB,3.4
2025-03-30,71614,zoom,288547 kB,17.6
2025-03-30,33705,firefox,674770 kB,8.3
2025-03-30,80312,minecraft,1534969 kB,40.8
2025-03-30,71614,zoom,404845 kB,5.6
2025-03-30,16498,android-studio,1754279 kB,35.1
2025-03-30,42900,csgo_linux,1418240 kB,43.8
2025-03-30,72373,code,376480 kB,3.9
2025-03-30,36104,steam,264955 kB,20.5
2025-03-30,33705,firefox,895126 kB,14.1
2025-03-30,63196,emulator,2680264 kB,41.6
2025-03-30,71614,zoom,340081 kB,17.4
2025-03-30,33705,firefox,573281 kB,16.9
2025-03-30,71614,zoom,399337 kB,10.2
2025-03-30,85571,chrome,1037205 kB,24.6
2025-03-30,71614,zoom,217601 kB,4.5
2025-03-30,33705,firefox,722838 kB,4.2
2025-03-30,71614,zoom,434441 kB,22.5
2025-03-30,95472,postman,233829 kB,7.4
2025-03-30,1234,Xorg,85444 kB,2.2
2025-03-30,30654,discord,230897 kB,11.9
2025-03-30,95472,postman,225864 kB,11.5
2025-03-30,42900,csgo_linux,1729625 kB,56.6
2025-03-30,27091,spotify,248193 kB,3.7
2025-03-30,36104,steam,536895 kB,14.9
2025-03-30,71614,zoom,465443 kB,20.4
2025-03-30,99823,obs,410753 kB,27.6
2025-03-30,1234,Xorg,66788 kB,2.8
2025-03-30,72373,code,449930 kB,11.2
2025-03-31,71614,zoom,276035 kB,17.4
2025-03-31,71614,zoom,241307 kB,10.3
2025-03-31,85571,chrome,598647 kB,11.2
2025-03-31,95472,postman,190058 kB,8.5
2025-03-31,85571,chrome,1331661 kB,17.0
2025-03-31,16498,android-studio,1562252 kB,27.4
2025-03-31,85571,chrome,995385 kB,10.3
2025-03-31,99823,obs,397134 kB,23.7
2025-03-31,95472,postman,195011 kB,6.9
2025-03-31,33705,firefox,698164 kB,7.0
2025-03-31,85571,chrome,604590 kB,9.3
2025-03-31,1234,Xorg,87467 kB,0.7
2025-03-31,79195,zoom,369651 kB,14.9
2025-03-31,95472,postman,165462 kB,3.7
2025-03-31,80312,minecraft,1559850 kB,43.4
2025-03-31,2500,gnome-shell,154159 kB,1.6
2025-03-31,33705,firefox,881453 kB,17.9
2025-03-31,13753,postman,178452 kB,8.5
2025-03-31,13753,postman,288981 kB,2.9
2025-03-31,63196,emulator,2511114 kB,20.3
2025-03-31,36104,steam,629843 kB,30.9
2025-03-31,33705,firefox,612830 kB,17.2
2025-03-31,99823,obs,441968 kB,10.2
2025-03-31,85571,chrome,637089 kB,22.4
2025-03-31,63196,emulator,1524746 kB,59.6
2025-03-31,79195,zoom,325285 kB,4.8
2025-03-31,36104,steam,646334 kB,27.8
2025-03-31,79195,zoom,304081 kB,5.2
2025-03-31,85571,chrome,1033844 kB,15.3
2025-03-31,79195,zoom,308583 kB,20.0
2025-03-31,36104,steam,728690 kB,25.9
2025-03-31,30654,discord,197013 kB,7.2
2025-03-31,26869,firefox,562497 kB,17.6
2025-03-31,26869,firefox,958534 kB,15.3
2025-03-31,16498,android-studio,1970438 kB,23.9
2025-03-31,30654,discord,321612 kB,9.8
2025-03-31,79195,zoom,241328 kB,14.6
2025-03-31,99823,obs,477581 kB,25.6
2025-03-31,2500,gnome-shell,211270 kB,3.1
2025-03-31,37903,code,542932 kB,12.8
2025-03-31,16498,android-studio,1117412 kB,39.2
2025-03-31,99823,obs,444479 kB,6.9
2025-03-31,42900,csgo_linux,1878658 kB,54.1
2025-03-31,2500,gnome-shell,212968 kB,2.4
2025-03-31,27091,spotify,270325 kB,1.9
2025-03-31,37903,code,290445 kB,7.4
2025-03-31,85571,chrome,511766 kB,21.2
2025-03-31,99823,obs,428447 kB,19.1
2025-03-31,85571,chrome,1465793 kB,28.4
2025-03-31,55378,emulator,1899608 kB,72.6
2025-03-31,37903,code,266290 kB,11.0
2025-03-31,16498,android-studio,1177209 kB,41.5
2025-03-31,37903,code,305519 kB,12.5
2025-04-01,26869,firefox,642729 kB,2.9
2025-04-01,95882,chrome,1326379 kB,23.0
2025-04-01,16498,android-studio,1668593 kB,11.0
2025-04-01,16498,android-studio,1219668 kB,26.0
2025-04-01,26869,firefox,412996 kB,15.4
2025-04-01,95882,chrome,1301534 kB,6.9
2025-04-01,13753,postman,173051 kB,5.7
2025-04-01,95882,chrome,1050423 kB,7.6
2025-04-01,13753,postman,247076 kB,9.8
2025-04-01,99823,obs,341824 kB,32.7
2025-04-01,94098,obs,238608 kB,24.7
2025-04-01,94098,obs,279897 kB,11.0
2025-04-01,95882,chrome,871791 kB,9.6
2025-04-01,13753,postman,267154 kB,8.3
2025-04-01,13753,postman,195074 kB,5.5
2025-04-01,79195,zoom,255230 kB,4.7
2025-04-01,37903,code,444607 kB,9.2
2025-04-01,21650,postman,330200 kB,4.9
2025-04-01,77278,firefox,663447 kB,3.8
2025-04-01,2500,gnome-shell,128459 kB,2.5
2025-04-01,21650,postman,255771 kB,3.4
2025-04-01,79195,zoom,391670 kB,6.8
2025-04-01,77278,firefox,475420 kB,4.9
2025-04-01,28340,chrome,1169638 kB,16.5
2025-04-01,21650,postman,263891 kB,7.2
2025-04-01,77278,firefox,813095 kB,16.0
2025-04-01,77278,firefox,922068 kB,4.5
2025-04-01,77278,firefox,857407 kB,15.4
2025-04-01,79195,zoom,373436 kB,8.8
2025-04-01,79195,zoom,289245 kB,4.2
2025-04-01,21650,postman,195325 kB,8.8
2025-04-01,28340,chrome,645943 kB,13.5
2025-04-01,55378,emulator,1979094 kB,18.9
2025-04-01,36104,steam,267265 kB,9.9
2025-04-01,82461,obs,336226 kB,21.6
2025-04-01,55378,emulator,1277866 kB,32.1
2025-04-01,37903,code,368964 kB,4.9
2025-04-01,76147,postman,237069 kB,8.6
2025-04-01,95258,code,397344 kB,6.9
2025-04-01,28340,chrome,829891 kB,16.4
2025-04-01,2500,gnome-shell,141610 kB,5.3
2025-04-01,79195,zoom,454063 kB,13.4
2025-04-01,64405,discord,238131 kB,8.8
2025-04-01,2500,gnome-shell,219156 kB,3.6
2025-04-01,77278,firefox,937622 kB,13.3
2025-04-01,77278,firefox,507948 kB,11.8
2025-04-01,36104,steam,352516 kB,39.2
2025-04-01,36104,steam,585719 kB,34.6
2025-04-01,80312,minecraft,1459018 kB,77.6
2025-04-01,77278,firefox,749623 kB,10.5
2025-04-01,15573,gradle,444677 kB,28.1
2025-04-02,79195,zoom,296910 kB,18.1
2025-04-02,80312,minecraft,1308321 kB,21.8
2025-04-02,82461,obs,397757 kB,17.4
2025-04-02,76147,postman,205764 kB,4.0
2025-04-02,82461,obs,341818 kB,22.9
2025-04-02,80312,minecraft,817374 kB,32.5
2025-04-02,27091,spotify,110033 kB,3.4
2025-04-02,79195,zoom,307632 kB,16.7
2025-04-02,76147,postman,212706 kB,3.8
2025-04-02,33843,postman,348188 kB,8.0
2025-04-02,28340,chrome,1186455 kB,17.0
2025-04-02,12844,emulator,1408693 kB,58.7
2025-04-02,79195,zoom,303854 kB,17.4
2025-04-02,79195,zoom,476073 kB,17.4
2025-04-02,12844,emulator,2000607 kB,26.7
2025-04-02,28340,chrome,1178240 kB,9.1
2025-04-02,28340,chrome,1189612 kB,23.7
2025-04-02,95258,code,320292 kB,12.1
2025-04-02,95258,code,352286 kB,5.8
2025-04-02,64405,discord,441236 kB,5.0
2025-04-02,77278,firefox,802654 kB,6.1
2025-04-02,36104,steam,375851 kB,20.3
2025-04-02,77278,firefox,512950 kB,3.3
2025-04-02,15573,gradle,418976 kB,7.2
2025-04-02,33843,postman,274593 kB,8.0
2025-04-02,77278,firefox,1081230 kB,10.1
2025-04-02,89848,code,445737 kB,10.9
2025-04-02,61456,csgo_linux,1997297 kB,68.3
2025-04-02,89848,code,283380 kB,4.2
2025-04-02,33843,postman,191524 kB,8.4
2025-04-02,57295,zoom,239193 kB,17.3
2025-04-02,33843,postman,330442 kB,9.0
2025-04-02,28340,chrome,743934 kB,17.8
2025-04-02,77278,firefox,972772 kB,10.9
2025-04-02,57295,zoom,384688 kB,18.5
2025-04-02,64757,csgo_linux,1579417 kB,48.9
2025-04-02,36104,steam,790293 kB,16.2
2025-04-02,16498,android-studio,1981055 kB,22.7
2025-04-02,36104,steam,359437 kB,18.0
2025-04-02,33843,postman,311736 kB,5.2
2025-04-02,33843,postman,177025 kB,6.8
2025-04-02,89848,code,391673 kB,8.6
2025-04-02,16498,android-studio,1118856 kB,22.1
2025-04-02,57295,zoom,369899 kB,16.4
2025-04-02,15573,gradle,393184 kB,14.2
2025-04-02,80312,minecraft,1202615 kB,54.2
2025-04-02,57295,zoom,337319 kB,21.9
2025-04-02,80312,minecraft,1356134 kB,80.7
2025-04-02,77278,firefox,651224 kB,5.3
2025-04-03,28340,chrome,1443956 kB,21.3
2025-04-03,27416,emulator,1863114 kB,33.5
2025-04-03,93213,android-studio,1817966 kB,23.5
2025-04-03,57295,zoom,445109 kB,14.7
2025-04-03,33843,postman,231748 kB,9.8
2025-04-03,57295,zoom,229685 kB,5.1
2025-04-03,82461,obs,312410 kB,32.4
2025-04-03,89848,code,519068 kB,5.8
2025-04-03,92004,discord,362530 kB,3.0
2025-04-03,77278,firefox,1170618 kB,13.8
2025-04-03,57295,zoom,441156 kB,15.0
2025-04-03,77278,firefox,516306 kB,2.4
2025-04-03,57295,zoom,350286 kB,7.0
2025-04-03,33843,postman,261895 kB,6.3
2025-04-03,33843,postman,283338 kB,6.4
2025-04-03,80312,minecraft,1548610 kB,64.0
2025-04-03,2500,gnome-shell,127391 kB,1.1
2025-04-03,33843,postman,226286 kB,9.5
2025-04-03,27091,spotify,145464 kB,4.7
2025-04-03,67988,chrome,1008113 kB,22.1
2025-04-03,2500,gnome-shell,199165 kB,3.6
2025-04-03,57295,zoom,317136 kB,6.5
2025-04-03,2500,gnome-shell,133471 kB,4.1
2025-04-03,67988,chrome,773552 kB,24.2
2025-04-03,33843,postman,344148 kB,3.9
2025-04-03,77278,firefox,1072230 kB,16.1
2025-04-03,57295,zoom,280295 kB,15.3
2025-04-03,57295,zoom,334900 kB,5.7
2025-04-03,82461,obs,503308 kB,30.9
2025-04-03,56736,gradle,519821 kB,17.5
2025-04-03,14017,chrome,662325 kB,12.7
2025-04-03,57295,zoom,250114 kB,7.0
2025-04-03,33843,postman,248072 kB,7.7
2025-04-03,2500,gnome-shell,212386 kB,2.9
2025-04-03,92004,discord,257561 kB,9.7
2025-04-03,89848,code,395895 kB,5.0
2025-04-03,57295,zoom,404411 kB,14.9
2025-04-03,57295,zoom,470604 kB,12.5
2025-04-03,93213,android-studio,1395658 kB,14.6
2025-04-03,56736,gradle,644168 kB,29.3
2025-04-03,33843,postman,307118 kB,8.7
2025-04-03,36104,steam,589469 kB,37.9
2025-04-03,80312,minecraft,965165 kB,44.4
2025-04-03,57295,zoom,349070 kB,11.4
2025-04-03,27416,emulator,1776921 kB,36.1
2025-04-04,48562,emulator,1837364 kB,32.0
2025-04-04,82461,obs,264211 kB,13.8
2025-04-04,80312,minecraft,835226 kB,43.3
2025-04-04,57295,zoom,432253 kB,18.4
2025-04-04,80312,minecraft,1521883 kB,35.1
2025-04-04,82461,obs,530258 kB,22.1
2025-04-04,33843,postman,285036 kB,9.6
2025-04-04,14017,chrome,1460860 kB,6.0
2025-04-04,80312,minecraft,1187105 kB,28.5
2025-04-04,33843,postman,330555 kB,9.0
2025-04-04,57295,zoom,334113 kB,7.9
2025-04-04,89848,code,409848 kB,7.1
2025-04-04,57295,zoom,350024 kB,9.1
2025-04-04,38272,android-studio,1088718 kB,10.6
2025-04-04,84918,chrome,748991 kB,24.0
2025-04-04,36104,steam,694185 kB,27.4
2025-04-04,84918,chrome,1056976 kB,7.6
2025-04-04,38272,android-studio,1138684 kB,26.6
2025-04-04,33843,postman,304029 kB,2.5
2025-04-04,2500,gnome-shell,204448 kB,1.1
2025-04-04,36104,steam,729398 kB,24.5
2025-04-04,64757,csgo_linux,1987795 kB,39.1
2025-04-04,64757,csgo_linux,1488359 kB,39.4
2025-04-04,84918,chrome,738147 kB,9.3
2025-04-04,64585,minecraft,1102638 kB,33.7
2025-04-04,38272,android-studio,1946023 kB,23.3
2025-04-04,48562,emulator,1759775 kB,27.9
2025-04-04,21141,code,351457 kB,6.7
2025-04-04,36104,steam,348450 kB,5.8
2025-04-04,84918,chrome,1075848 kB,13.5
2025-04-04,92004,discord,157237 kB,5.4
2025-04-04,84918,chrome,1222605 kB,9.3
2025-04-04,57295,zoom,205474 kB,16.1
2025-04-04,57295,zoom,284648 kB,18.0
2025-04-04,84918,chrome,626328 kB,22.5
2025-04-04,33843,postman,189080 kB,8.4
2025-04-04,84918,chrome,1431301 kB,17.0
2025-04-04,64585,minecraft,831964 kB,58.0
2025-04-04,57295,zoom,491841 kB,8.4
2025-04-04,73735,android-studio,1524402 kB,47.1
2025-04-04,92004,discord,168934 kB,11.5
2025-04-04,73735,android-studio,1664044 kB,24.6
2025-04-04,82461,obs,583874 kB,27.5
2025-04-04,77278,firefox,1051647 kB,6.4
2025-04-04,33843,postman,278804 kB,4.9
2025-04-04,77278,firefox,1175097 kB,15.6
2025-04-04,57295,zoom,399615 kB,22.6
2025-04-04,36104,steam,465310 kB,13.5
2025-04-04,82461,obs,353520 kB,17.9
2025-04-04,48562,emulator,2445784 kB,42.1
2025-04-05,33843,postman,285566 kB,9.5
2025-04-05,2500,gnome-shell,167938 kB,4.0
2025-04-05,89044,postman,278508 kB,8.1
2025-04-05,21141,code,295605 kB,12.8
2025-04-05,89044,postman,273089 kB,6.4
2025-04-05,77278,firefox,911637 kB,17.8
2025-04-05,82461,obs,257509 kB,34.8
2025-04-05,64757,csgo_linux,1512528 kB,69.4
2025-04-05,84918,chrome,829010 kB,16.2
2025-04-05,57295,zoom,255644 kB,12.3
2025-04-05,91954,code,329646 kB,7.8
2025-04-05,48562,emulator,2598107 kB,57.9
2025-04-05,57295,zoom,475864 kB,9.1
2025-04-05,64585,minecraft,828746 kB,64.8
2025-04-05,89044,postman,168528 kB,6.1
2025-04-05,64585,minecraft,1077957 kB,36.6
2025-04-05,77278,firefox,675443 kB,16.0
2025-04-05,64585,minecraft,1024590 kB,52.3
2025-04-05,77278,firefox,1140160 kB,17.1
2025-04-05,57295,zoom,446850 kB,13.0
2025-04-05,60979,minecraft,1576093 kB,41.9
2025-04-05,60979,minecraft,826445 kB,65.2
2025-04-05,84918,chrome,1185524 kB,7.2
2025-04-05,89044,postman,264873 kB,4.5
2025-04-05,57295,zoom,238024 kB,13.2
2025-04-05,84918,chrome,636129 kB,11.4
2025-04-05,77278,firefox,1120969 kB,12.4
2025-04-05,89044,postman,291457 kB,9.8
2025-04-05,82461,obs,502947 kB,12.2
2025-04-05,41225,chrome,904831 kB,12.8
2025-04-05,27091,spotify,194050 kB,6.7
2025-04-05,92004,discord,158410 kB,11.1
2025-04-05,57295,zoom,490712 kB,7.0
2025-04-05,57295,zoom,405280 kB,13.3
2025-04-05,89044,postman,275932 kB,5.6
2025-04-05,60979,minecraft,1305395 kB,23.0
2025-04-05,57295,zoom,296259 kB,13.8
2025-04-05,92004,discord,386426 kB,6.3
2025-04-05,91954,code,303416 kB,8.2
2025-04-05,57295,zoom,469734 kB,16.7
2025-04-05,57295,zoom,303790 kB,17.7
2025-04-05,87427,code,455889 kB,13.7
2025-04-05,57295,zoom,300086 kB,21.1
2025-04-05,57295,zoom,456421 kB,13.3
2025-04-05,82461,obs,539579 kB,33.7
2025-04-05,48019,csgo_linux,1716952 kB,52.7
2025-04-05,56736,gradle,375214 kB,14.7
2025-04-05,1234,Xorg,96731 kB,2.7
2025-04-05,36104,steam,546241 kB,24.5
2025-04-05,36104,steam,366110 kB,17.1
2025-04-05,92753,minecraft,893289 kB,58.6
2025-04-06,77278,firefox,480726 kB,6.7
2025-04-06,57295,zoom,388180 kB,11.7
2025-04-06,57295,zoom,407812 kB,18.0
2025-04-06,57295,zoom,201561 kB,17.4
2025-04-06,73735,android-studio,1764752 kB,33.8
2025-04-06,89044,postman,206720 kB,5.9
2025-04-06,27091,spotify,186981 kB,2.5
2025-04-06,80309,postman,326008 kB,4.1
2025-04-06,73735,android-studio,1395325 kB,29.8
2025-04-06,99233,steam,647009 kB,19.6
2025-04-06,98677,chrome,1385874 kB,10.3
2025-04-06,57295,zoom,251892 kB,10.0
2025-04-06,80309,postman,286251 kB,7.7
2025-04-06,27611,postman,303651 kB,5.9
2025-04-06,40667,chrome,1202691 kB,7.1
2025-04-06,92753,minecraft,1412454 kB,59.1
2025-04-06,57295,zoom,203929 kB,15.1
2025-04-06,27611,postman,303319 kB,3.9
2025-04-06,92753,minecraft,1051254 kB,43.2
2025-04-06,92753,minecraft,929777 kB,68.9
2025-04-06,92753,minecraft,1076796 kB,25.9
2025-04-06,27091,spotify,213528 kB,1.5
2025-04-06,92753,minecraft,1372856 kB,34.5
2025-04-06,73812,android-studio,1703235 kB,38.1
2025-04-06,57295,zoom,258490 kB,15.3
2025-04-06,92753,minecraft,1075210 kB,34.6
2025-04-06,27611,postman,328644 kB,3.2
2025-04-06,57295,zoom,493043 kB,8.3
2025-04-06,77278,firefox,689256 kB,16.7
2025-04-06,77278,firefox,435614 kB,6.8
2025-04-06,2500,gnome-shell,123412 kB,1.7
2025-04-06,82461,obs,308957 kB,22.2
2025-04-06,73812,android-studio,1168898 kB,14.6
2025-04-06,92753,minecraft,1212501 kB,50.9
2025-04-06,99233,steam,772576 kB,22.2
2025-04-06,92753,minecraft,1471438 kB,30.9
2025-04-06,56663,zoom,310888 kB,15.2
2025-04-06,47404,steam,714236 kB,15.0
2025-04-06,46040,postman,214724 kB,7.7
2025-04-06,47404,steam,313438 kB,6.8
2025-04-06,46040,postman,268717 kB,3.4
2025-04-06,46040,postman,184917 kB,9.1
2025-04-06,90954,minecraft,1316897 kB,50.5
2025-04-06,90954,minecraft,1283370 kB,69.2
2025-04-06,40667,chrome,607496 kB,9.9
2025-04-06,90954,minecraft,1231359 kB,60.2
2025-04-06,53000,steam,211501 kB,25.6
2025-04-06,82461,obs,321720 kB,40.7
2025-04-07,48019,csgo_linux,2021677 kB,73.7
2025-04-07,46040,postman,162039 kB,8.9
2025-04-07,1234,Xorg,95635 kB,2.0
2025-04-07,53000,steam,619521 kB,10.1
2025-04-07,90954,minecraft,1372145 kB,69.6
2025-04-07,48019,csgo_linux,1572568 kB,24.1
2025-04-07,82461,obs,411943 kB,30.6
2025-04-07,27091,spotify,261894 kB,3.2
2025-04-07,73812,android-studio,1739317 kB,34.8
2025-04-07,40667,chrome,1155990 kB,11.5
2025-04-07,90954,minecraft,1562351 kB,32.4
2025-04-07,46040,postman,265859 kB,4.5
2025-04-07,73812,android-studio,1924267 kB,34.6
2025-04-07,82461,obs,300452 kB,34.6
2025-04-07,53000,steam,363043 kB,25.1
2025-04-07,48562,emulator,1623537 kB,54.9
2025-04-07,97730,firefox,413446 kB,15.1
2025-04-07,48562,emulator,1802064 kB,22.2
2025-04-07,73812,android-studio,1311055 kB,14.6
2025-04-07,93982,zoom,232444 kB,13.7
2025-04-07,46040,postman,187327 kB,4.1
2025-04-07,46040,postman,292175 kB,2.9
2025-04-07,92004,discord,416510 kB,2.5
2025-04-07,27091,spotify,229155 kB,5.0
2025-04-07,56736,gradle,622609 kB,9.1
2025-04-07,93982,zoom,282454 kB,12.9
2025-04-07,46040,postman,235112 kB,7.8
2025-04-07,56736,gradle,631674 kB,8.6
2025-04-07,93982,zoom,319472 kB,19.3
2025-04-07,73812,android-studio,1629451 kB,27.1
2025-04-07,48562,emulator,1977532 kB,17.7
2025-04-07,40667,chrome,607847 kB,24.9
2025-04-07,97730,firefox,651421 kB,5.6
2025-04-07,90954,minecraft,1387920 kB,45.5
2025-04-07,27091,spotify,182560 kB,2.7
2025-04-07,46040,postman,183032 kB,5.2
2025-04-07,77318,zoom,471619 kB,14.2
2025-04-07,48562,emulator,1669578 kB,71.1
2025-04-07,22355,discord,435220 kB,10.2
2025-04-07,40667,chrome,1251101 kB,13.2
2025-04-07,82461,obs,403111 kB,34.3
2025-04-07,46040,postman,246098 kB,10.7
2025-04-07,67140,discord,414403 kB,4.3
2025-04-07,77318,zoom,221717 kB,15.5
2025-04-07,77318,zoom,308468 kB,9.2
2025-04-07,82461,obs,503582 kB,13.4
2025-04-07,1234,Xorg,67635 kB,2.0
2025-04-07,40667,chrome,1360019 kB,16.4
2025-04-07,90954,minecraft,815480 kB,73.9
2025-04-08,77318,zoom,420380 kB,15.6
2025-04-08,46040,postman,180892 kB,9.6
2025-04-08,45655,zoom,402492 kB,12.4
2025-04-08,45655,zoom,205954 kB,5.7
2025-04-08,56736,gradle,300405 kB,18.5
2025-04-08,87427,code,501652 kB,8.3
2025-04-08,40667,chrome,1186962 kB,11.9
2025-04-08,1234,Xorg,68507 kB,1.6
2025-04-08,85774,zoom,427809 kB,12.2
2025-04-08,46040,postman,222935 kB,3.4
2025-04-08,82461,obs,211971 kB,28.6
2025-04-08,46040,postman,278267 kB,7.2
2025-04-08,27091,spotify,177840 kB,5.5
2025-04-08,97730,firefox,661668 kB,5.9
2025-04-08,48562,emulator,1908915 kB,61.3
2025-04-08,27091,spotify,210560 kB,4.5
2025-04-08,46040,postman,330588 kB,8.3
2025-04-08,45382,zoom,412338 kB,11.4
2025-04-08,53000,steam,552395 kB,7.7
2025-04-08,90954,minecraft,1579562 kB,31.0
2025-04-08,82461,obs,323920 kB,13.2
2025-04-08,45382,zoom,277216 kB,16.8
2025-04-08,82461,obs,453004 kB,26.9
2025-04-08,87427,code,265466 kB,12.7
2025-04-08,53000,steam,739119 kB,10.0
2025-04-08,67140,discord,229941 kB,4.7
2025-04-08,45382,zoom,382742 kB,12.3
2025-04-08,45382,zoom,442581 kB,18.0
2025-04-08,96829,postman,323063 kB,9.1
2025-04-08,96829,postman,320806 kB,6.4
2025-04-08,56736,gradle,564938 kB,10.6
2025-04-08,27091,spotify,267952 kB,6.7
2025-04-08,45382,zoom,236809 kB,19.9
2025-04-08,73812,android-studio,1962604 kB,37.1
2025-04-08,96829,postman,240227 kB,2.0
2025-04-08,29594,zoom,270019 kB,13.0
2025-04-08,90954,minecraft,1203194 kB,61.8
2025-04-08,96829,postman,169177 kB,5.1
2025-04-08,82461,obs,236083 kB,16.4
2025-04-08,56243,postman,313031 kB,10.0
2025-04-08,97730,firefox,814226 kB,8.0
2025-04-08,40667,chrome,610601 kB,9.8
2025-04-08,48423,discord,192741 kB,5.2
2025-04-08,17920,firefox,629643 kB,14.9
2025-04-08,29594,zoom,498888 kB,12.1
2025-04-08,21246,postman,261429 kB,6.1
2025-04-08,40667,chrome,1320564 kB,14.1
2025-04-09,29594,zoom,236108 kB,4.2
2025-04-09,21246,postman,214533 kB,2.7
2025-04-09,53000,steam,729241 kB,15.2
2025-04-09,17920,firefox,1004997 kB,10.3
2025-04-09,29594,zoom,428761 kB,20.0
2025-04-09,90954,minecraft,1451134 kB,62.6
2025-04-09,62019,obs,413727 kB,8.7
2025-04-09,73812,android-studio,1375878 kB,18.9
2025-04-09,90954,minecraft,905834 kB,34.0
2025-04-09,29594,zoom,220013 kB,12.9
2025-04-09,40667,chrome,829152 kB,22.9
2025-04-09,40667,chrome,539247 kB,5.3
2025-04-09,27091,spotify,198726 kB,6.3
2025-04-09,21246,postman,341411 kB,7.8
2025-04-09,73812,android-studio,1670995 kB,40.0
2025-04-09,29594,zoom,331362 kB,6.6
2025-04-09,48423,discord,397483 kB,11.4
2025-04-09,21246,postman,348065 kB,6.5
2025-04-09,86171,minecraft,1585781 kB,35.8
2025-04-09,75807,discord,402368 kB,5.3
2025-04-09,21246,postman,292282 kB,8.0
2025-04-09,18634,zoom,471234 kB,15.1
2025-04-09,87427,code,311011 kB,4.9
2025-04-09,18634,zoom,402787 kB,16.4
2025-04-09,18634,zoom,344823 kB,19.9
2025-04-09,21246,postman,234912 kB,5.0
2025-04-09,62019,obs,229584 kB,11.9
2025-04-09,40667,chrome,1299228 kB,23.8
2025-04-09,62019,obs,485544 kB,32.5
2025-04-09,62019,obs,387589 kB,32.4
2025-04-09,40667,chrome,1396560 kB,8.9
2025-04-09,86171,minecraft,1379952 kB,63.4
2025-04-09,86171,minecraft,1146865 kB,47.1
2025-04-09,86171,minecraft,1148107 kB,51.2
2025-04-09,62019,obs,580274 kB,33.1
2025-04-09,86171,minecraft,1465848 kB,64.8
2025-04-09,44405,minecraft,1565017 kB,45.2
2025-04-09,21246,postman,273661 kB,10.0
2025-04-09,73812,android-studio,1501891 kB,47.5
2025-04-09,40667,chrome,992117 kB,19.4
2025-04-09,21246,postman,259485 kB,9.9
2025-04-09,54146,firefox,694373 kB,9.8
2025-04-09,44405,minecraft,817050 kB,59.9
2025-04-09,62019,obs,516259 kB,23.8
2025-04-09,21246,postman,313347 kB,7.7
2025-04-09,62019,obs,291909 kB,33.4
2025-04-10,49429,minecraft,1115029 kB,25.4
2025-04-10,49429,minecraft,1265623 kB,42.7
2025-04-10,2500,gnome-shell,143738 kB,3.7
2025-04-10,40667,chrome,839837 kB,18.1
2025-04-10,21246,postman,281565 kB,8.2
2025-04-10,18634,zoom,290726 kB,12.0
2025-04-10,49429,minecraft,1498399 kB,56.2
2025-04-10,21246,postman,210013 kB,5.3
2025-04-10,62019,obs,519843 kB,14.8
2025-04-10,73812,android-studio,1748910 kB,17.2
2025-04-10,75807,discord,327854 kB,9.7
2025-04-10,27091,spotify,239912 kB,2.8
2025-04-10,18634,zoom,268411 kB,8.1
2025-04-10,40667,chrome,1345236 kB,16.9
2025-04-10,49429,minecraft,1416282 kB,50.9
2025-04-10,40667,chrome,1235220 kB,15.3
2025-04-10,21246,postman,309896 kB,3.2
2025-04-10,21246,postman,333989 kB,8.2
2025-04-10,54146,firefox,753109 kB,15.4
2025-04-10,49429,minecraft,856251 kB,52.5
2025-04-10,30096,gradle,371199 kB,24.8
2025-04-10,18634,zoom,415706 kB,14.2
2025-04-10,21246,postman,258595 kB,2.7
2025-04-10,54146,firefox,897485 kB,6.0
2025-04-10,18634,zoom,268694 kB,17.0
2025-04-10,2500,gnome-shell,180599 kB,1.6
2025-04-10,18634,zoom,211197 kB,9.3
2025-04-10,62019,obs,498385 kB,34.6
2025-04-10,21246,postman,237768 kB,7.9
2025-04-10,21246,postman,185043 kB,5.7
2025-04-10,21246,postman,182314 kB,9.2
2025-04-10,27091,spotify,158608 kB,3.1
2025-04-10,21246,postman,232970 kB,9.1
2025-04-10,21246,postman,185927 kB,8.5
2025-04-10,54146,firefox,751173 kB,7.0
2025-04-10,30096,gradle,683156 kB,6.7
2025-04-10,49429,minecraft,957973 kB,69.4
2025-04-10,18634,zoom,414985 kB,19.0
2025-04-10,62019,obs,369253 kB,37.7
2025-04-10,18634,zoom,357289 kB,20.8
2025-04-10,18634,zoom,258831 kB,10.0
2025-04-10,62019,obs,552238 kB,12.7
2025-04-10,18634,zoom,329377 kB,19.6
2025-04-10,2500,gnome-shell,134585 kB,3.0
2025-04-10,90016,postman,204201 kB,5.3
2025-04-10,90016,postman,197118 kB,4.1
2025-04-10,48019,csgo_linux,2214061 kB,42.3
2025-04-11,2500,gnome-shell,211609 kB,1.9
2025-04-11,90016,postman,187730 kB,8.1
2025-04-11,87427,code,459507 kB,7.5
2025-04-11,62019,obs,296797 kB,21.2
2025-04-11,73812,android-studio,1353134 kB,21.6
2025-04-11,54146,firefox,866854 kB,7.8
2025-04-11,18634,zoom,356434 kB,14.8
2025-04-11,49429,minecraft,1453608 kB,60.1
2025-04-11,18634,zoom,392534 kB,8.6
2025-04-11,49975,android-studio,1803613 kB,13.9
2025-04-11,18634,zoom,396105 kB,6.7
2025-04-11,62019,obs,436851 kB,20.6
2025-04-11,18634,zoom,371806 kB,11.9
2025-04-11,90016,postman,235110 kB,7.0
2025-04-11,2500,gnome-shell,139182 kB,4.6
2025-04-11,18634,zoom,207520 kB,12.6
2025-04-11,90016,postman,190467 kB,5.4
2025-04-11,90016,postman,330313 kB,2.3
2025-04-11,96874,postman,180100 kB,7.7
2025-04-11,53000,steam,638287 kB,25.6
2025-04-11,49975,android-studio,1175098 kB,33.7
2025-04-11,18634,zoom,237051 kB,18.1
2025-04-11,53000,steam,489436 kB,24.4
2025-04-11,55589,firefox,1082150 kB,8.5
2025-04-11,96874,postman,280494 kB,2.4
2025-04-11,40667,chrome,1459779 kB,16.6
2025-04-11,49975,android-studio,1094103 kB,26.4
2025-04-11,48801,minecraft,1072907 kB,35.0
2025-04-11,96874,postman,252667 kB,4.9
2025-04-11,84672,firefox,959856 kB,17.7
2025-04-11,63179,postman,246311 kB,6.3
2025-04-11,87427,code,468088 kB,7.9
2025-04-11,27091,spotify,103460 kB,5.4
2025-04-11,53542,zoom,235909 kB,9.1
2025-04-11,21089,obs,488946 kB,15.2
2025-04-11,63179,postman,255975 kB,7.6
2025-04-11,63179,postman,253374 kB,5.5
2025-04-11,63179,postman,171293 kB,7.1
2025-04-11,40667,chrome,874843 kB,16.5
2025-04-11,49975,android-studio,1504478 kB,29.5
2025-04-11,27091,spotify,280495 kB,2.7
2025-04-11,21089,obs,383544 kB,24.6
2025-04-11,63179,postman,335488 kB,4.5
2025-04-11,63179,postman,333263 kB,5.3
2025-04-11,21089,obs,385008 kB,37.5
2025-04-11,63179,postman,236185 kB,8.7
2025-04-12,53542,zoom,459245 kB,19.2
2025-04-12,17753,steam,543476 kB,9.8
2025-04-12,53542,zoom,459658 kB,16.2
2025-04-12,63179,postman,343620 kB,3.2
2025-04-12,53542,zoom,335793 kB,5.1
2025-04-12,21089,obs,207146 kB,7.0
2025-04-12,63179,postman,268108 kB,3.4
2025-04-12,53542,zoom,416228 kB,12.1
2025-04-12,66150,postman,156571 kB,9.4
2025-04-12,48801,minecraft,1053492 kB,43.2
2025-04-12,40667,chrome,598873 kB,23.9
2025-04-12,40667,chrome,812934 kB,6.9
2025-04-12,66150,postman,250420 kB,5.5
2025-04-12,49975,android-studio,1516039 kB,23.9
2025-04-12,48801,minecraft,1343302 kB,69.7
2025-04-12,66150,postman,300322 kB,7.6
2025-04-12,66150,postman,181089 kB,8.4
2025-04-12,84672,firefox,889558 kB,4.9
2025-04-12,84672,firefox,553907 kB,17.8
2025-04-12,30096,gradle,620489 kB,7.1
2025-04-12,49975,android-studio,1940661 kB,36.7
2025-04-12,75807,discord,353758 kB,10.0
2025-04-12,66150,postman,218998 kB,5.1
2025-04-12,66150,postman,210728 kB,3.6
2025-04-12,66150,postman,167738 kB,6.3
2025-04-12,49975,android-studio,1483614 kB,18.0
2025-04-12,27091,spotify,260867 kB,2.5
2025-04-12,21089,obs,242952 kB,22.3
2025-04-12,66150,postman,268569 kB,8.8
2025-04-12,40667,chrome,1136697 kB,10.8
2025-04-12,21089,obs,451390 kB,28.7
2025-04-12,40667,chrome,864150 kB,15.3
2025-04-12,84672,firefox,625350 kB,16.8
2025-04-12,48801,minecraft,1270262 kB,36.0
2025-04-12,53074,minecraft,1136116 kB,38.9
2025-04-12,66150,postman,300138 kB,6.8
2025-04-12,53074,minecraft,1437241 kB,41.4
2025-04-12,53074,minecraft,1429308 kB,63.1
2025-04-12,87427,code,482272 kB,14.9
2025-04-12,21089,obs,334132 kB,19.4
2025-04-12,54336,android-studio,1601241 kB,42.4
2025-04-12,66150,postman,156026 kB,4.6
2025-04-12,48019,csgo_linux,2216453 kB,35.1
2025-04-12,54336,android-studio,1049081 kB,39.2
2025-04-13,66150,postman,330185 kB,3.6
2025-04-13,61402,firefox,502794 kB,14.3
2025-04-13,45010,postman,243737 kB,4.6
2025-04-13,53074,minecraft,1005598 kB,42.7
2025-04-13,45010,postman,309003 kB,3.1
2025-04-13,53074,minecraft,1094238 kB,56.3
2025-04-13,45010,postman,162828 kB,7.8
2025-04-13,27624,zoom,495592 kB,19.4
2025-04-13,75807,discord,276678 kB,4.0
2025-04-13,45010,postman,176209 kB,9.5
2025-04-13,45010,postman,182024 kB,4.0
2025-04-13,53074,minecraft,1229481 kB,40.1
2025-04-13,55010,zoom,367416 kB,10.5
2025-04-13,61402,firefox,696784 kB,14.4
2025-04-13,2500,gnome-shell,124812 kB,4.3
2025-04-13,53074,minecraft,1343309 kB,62.5
2025-04-13,75807,discord,202334 kB,7.6
2025-04-13,53074,minecraft,1009425 kB,45.6
2025-04-13,55010,zoom,204405 kB,5.7
2025-04-13,17753,steam,349190 kB,34.8
2025-04-13,21089,obs,372393 kB,27.1
2025-04-13,21089,obs,358879 kB,11.5
2025-04-13,53074,minecraft,1345194 kB,34.6
2025-04-13,54336,android-studio,1654451 kB,11.5
2025-04-13,45010,postman,161917 kB,8.6
2025-04-13,45010,postman,190328 kB,6.7
2025-04-13,55010,zoom,320823 kB,14.9
2025-04-13,40667,chrome,1250151 kB,12.0
2025-04-13,45010,postman,209790 kB,7.7
2025-04-13,55010,zoom,444001 kB,7.0
2025-04-13,55010,zoom,228045 kB,8.9
2025-04-13,45010,postman,332326 kB,6.6
2025-04-13,53074,minecraft,1583281 kB,66.6
2025-04-13,55010,zoom,216239 kB,9.7
2025-04-13,45010,postman,290864 kB,8.4
2025-04-13,21089,obs,547016 kB,15.2
2025-04-13,45010,postman,311598 kB,4.3
2025-04-13,27832,minecraft,1522542 kB,79.5
2025-04-13,54336,android-studio,1129807 kB,32.7
2025-04-13,75807,discord,420004 kB,9.4
2025-04-13,91251,postman,319294 kB,7.1
2025-04-13,55010,zoom,272459 kB,14.2
2025-04-13,27832,minecraft,1038943 kB,41.5
2025-04-13,28744,postman,321718 kB,11.0
2025-04-13,55010,zoom,274401 kB,8.9
2025-04-14,51098,minecraft,1482667 kB,47.0
2025-04-14,75807,discord,189922 kB,5.4
2025-04-14,17753,steam,297707 kB,18.7
2025-04-14,48019,csgo_linux,1528650 kB,29.4
2025-04-14,28744,postman,311730 kB,3.8
2025-04-14,2500,gnome-shell,121080 kB,2.1
2025-04-14,51098,minecraft,1373137 kB,31.2
2025-04-14,2500,gnome-shell,217089 kB,3.6
2025-04-14,28744,postman,257987 kB,9.7
2025-04-14,21089,obs,574445 kB,27.5
2025-04-14,10593,android-studio,1328952 kB,22.8
2025-04-14,55010,zoom,313951 kB,19.5
2025-04-14,28744,postman,289782 kB,5.3
2025-04-14,55010,zoom,388414 kB,19.0
2025-04-14,40667,chrome,1247247 kB,6.6
2025-04-14,55010,zoom,305097 kB,11.7
2025-04-14,43633,obs,428440 kB,7.9
2025-04-14,28744,postman,227422 kB,8.9
2025-04-14,28744,postman,225390 kB,4.2
2025-04-14,51098,minecraft,1182234 kB,64.1
2025-04-14,55010,zoom,257831 kB,19.7
2025-04-14,27091,spotify,152525 kB,6.6
2025-04-14,28744,postman,220945 kB,5.5
2025-04-14,67475,zoom,418967 kB,11.3
2025-04-14,10593,android-studio,1222569 kB,25.9
2025-04-14,28744,postman,292162 kB,8.1
2025-04-14,28744,postman,223877 kB,4.8
2025-04-14,51098,minecraft,1110518 kB,22.3
2025-04-14,77823,zoom,448404 kB,15.9
2025-04-14,28744,postman,310993 kB,7.0
2025-04-14,74598,chrome,1130352 kB,15.3
2025-04-14,77823,zoom,382045 kB,4.1
2025-04-14,51098,minecraft,1539561 kB,35.5
2025-04-14,63072,postman,235822 kB,5.7
2025-04-14,48562,emulator,2626310 kB,62.2
2025-04-14,74598,chrome,573982 kB,18.7
2025-04-14,45324,zoom,323143 kB,14.7
2025-04-14,30096,gradle,577424 kB,20.4
2025-04-14,94613,steam,390051 kB,22.8
2025-04-14,27091,spotify,223537 kB,2.4
2025-04-14,61402,firefox,566140 kB,12.1
2025-04-14,51098,minecraft,1436938 kB,46.6
2025-04-14,35838,zoom,226715 kB,21.3
2025-04-14,63072,postman,224210 kB,7.1
2025-04-14,88719,minecraft,848920 kB,73.1
2025-04-14,88719,minecraft,832410 kB,61.2
2025-04-14,1234,Xorg,91825 kB,2.4
2025-04-15,88719,minecraft,1542236 kB,26.8
2025-04-15,48019,csgo_linux,1590182 kB,48.1
2025-04-15,75807,discord,402215 kB,11.9
2025-04-15,43633,obs,202389 kB,34.5
2025-04-15,38033,discord,383572 kB,7.1
2025-04-15,63072,postman,317173 kB,2.7
2025-04-15,88719,minecraft,1592161 kB,65.5
2025-04-15,81455,postman,321571 kB,2.6
2025-04-15,81455,postman,163028 kB,8.1
2025-04-15,81455,postman,223902 kB,5.7
2025-04-15,43633,obs,456265 kB,6.5
2025-04-15,27091,spotify,180986 kB,1.9
2025-04-15,94613,steam,291333 kB,7.4
2025-04-15,88719,minecraft,1035501 kB,34.2
2025-04-15,88719,minecraft,949642 kB,45.4
2025-04-15,10593,android-studio,1901502 kB,29.1
2025-04-15,81455,postman,213546 kB,8.9
2025-04-15,88719,minecraft,1521569 kB,40.9
2025-04-15,81455,postman,205617 kB,2.4
2025-04-15,81455,postman,228703 kB,5.5
2025-04-15,81455,postman,341618 kB,4.1
2025-04-15,88719,minecraft,965097 kB,36.6
2025-04-15,35838,zoom,287471 kB,12.0
2025-04-15,88719,minecraft,821811 kB,41.0
2025-04-15,81455,postman,222197 kB,2.2
2025-04-15,81455,postman,287733 kB,7.0
2025-04-15,88719,minecraft,1537235 kB,25.7
2025-04-15,88719,minecraft,1292796 kB,28.5
2025-04-15,64128,discord,293232 kB,5.9
2025-04-15,88719,minecraft,1220525 kB,58.9
2025-04-15,87427,code,544026 kB,12.1
2025-04-15,94613,steam,345030 kB,22.0
2025-04-15,35838,zoom,334437 kB,17.8
2025-04-15,87427,code,334276 kB,5.5
2025-04-15,88719,minecraft,1081554 kB,22.2
2025-04-15,35838,zoom,309463 kB,10.8
2025-04-15,81455,postman,189179 kB,5.7
2025-04-15,43633,obs,483242 kB,36.7
2025-04-15,94613,steam,450706 kB,41.0
2025-04-15,2500,gnome-shell,149752 kB,4.9
2025-04-15,81455,postman,243691 kB,6.9
2025-04-15,74598,chrome,1348599 kB,20.5
2025-04-15,81455,postman,321771 kB,4.8
2025-04-15,43633,obs,462257 kB,30.1
2025-04-15,35838,zoom,238936 kB,22.3
2025-04-16,81455,postman,328994 kB,3.8
2025-04-16,88719,minecraft,1415088 kB,51.6
2025-04-16,88719,minecraft,1092511 kB,53.7
2025-04-16,88719,minecraft,895447 kB,29.2
2025-04-16,2500,gnome-shell,191979 kB,2.6
2025-04-16,88719,minecraft,1214910 kB,62.6
2025-04-16,81455,postman,318327 kB,4.3
2025-04-16,88719,minecraft,1115249 kB,56.9
2025-04-16,74598,chrome,1120845 kB,20.5
2025-04-16,35838,zoom,261301 kB,7.9
2025-04-16,88719,minecraft,1397120 kB,69.1
2025-04-16,81455,postman,282830 kB,6.2
2025-04-16,63002,steam,450647 kB,5.7
2025-04-16,27091,spotify,294704 kB,5.1
2025-04-16,87427,code,534092 kB,10.0
2025-04-16,64128,discord,442076 kB,6.5
2025-04-16,88719,minecraft,1494451 kB,26.4
2025-04-16,10593,android-studio,1049314 kB,29.3
2025-04-16,27091,spotify,293576 kB,6.9
2025-04-16,74598,chrome,1067490 kB,21.8
2025-04-16,81455,postman,307395 kB,8.2
2025-04-16,61402,firefox,511168 kB,6.3
2025-04-16,81455,postman,251914 kB,7.3
2025-04-16,88719,minecraft,1567910 kB,52.1
2025-04-16,85735,obs,532749 kB,31.9
2025-04-16,88719,minecraft,1116721 kB,51.1
2025-04-16,10593,android-studio,1646886 kB,26.6
2025-04-16,35838,zoom,268357 kB,10.5
2025-04-16,74598,chrome,1148000 kB,15.0
2025-04-16,48019,csgo_linux,1322311 kB,41.3
2025-04-16,61402,firefox,1012403 kB,4.7
2025-04-16,87427,code,335164 kB,3.2
2025-04-16,81455,postman,197390 kB,7.0
2025-04-16,88719,minecraft,1156184 kB,54.0
2025-04-16,81455,postman,321951 kB,5.4
2025-04-16,88719,minecraft,1178023 kB,60.4
2025-04-16,64128,discord,330728 kB,7.6
2025-04-16,81455,postman,314109 kB,11.1
2025-04-16,35838,zoom,315541 kB,8.3
2025-04-16,88719,minecraft,1545017 kB,40.8
2025-04-16,35838,zoom,482241 kB,19.3
2025-04-16,81455,postman,196432 kB,9.8
2025-04-17,63002,steam,557810 kB,27.1
2025-04-17,38226,zoom,210767 kB,5.2
2025-04-17,88719,minecraft,1285781 kB,63.9
2025-04-17,88719,minecraft,1386802 kB,26.4
2025-04-17,74598,chrome,681380 kB,7.5
2025-04-17,87427,code,349149 kB,12.7
2025-04-17,48019,csgo_linux,1350616 kB,22.7
2025-04-17,88719,minecraft,1490716 kB,51.2
2025-04-17,38226,zoom,301693 kB,9.9
2025-04-17,10593,android-studio,1880483 kB,12.9
2025-04-17,88719,minecraft,1152102 kB,52.4
2025-04-17,50066,emulator,1997912 kB,57.7
2025-04-17,38226,zoom,467673 kB,14.0
2025-04-17,10593,android-studio,1754148 kB,29.3
2025-04-17,81455,postman,318268 kB,9.6
2025-04-17,2500,gnome-shell,126244 kB,1.9
2025-04-17,85735,obs,520438 kB,13.9
2025-04-17,81455,postman,200289 kB,2.2
2025-04-17,61402,firefox,822613 kB,8.6
2025-04-17,2500,gnome-shell,214625 kB,4.5
2025-04-17,97339,obs,329846 kB,31.5
2025-04-17,88719,minecraft,1454676 kB,68.2
2025-04-17,81455,postman,333237 kB,3.8
2025-04-17,97339,obs,396738 kB,30.7
2025-04-17,81455,postman,281045 kB,5.4
2025-04-17,81455,postman,289234 kB,8.6
2025-04-17,74598,chrome,771195 kB,17.1
2025-04-17,38226,zoom,322440 kB,18.1
2025-04-17,38226,zoom,249824 kB,16.6
2025-04-17,38226,zoom,448806 kB,19.3
2025-04-17,38226,zoom,464930 kB,18.8
2025-04-17,2500,gnome-shell,174030 kB,2.7
2025-04-17,81455,postman,197862 kB,10.8
2025-04-17,10593,android-studio,1488485 kB,26.8
2025-04-17,81455,postman,251717 kB,10.8
2025-04-17,66907,postman,232806 kB,6.1
2025-04-17,10638,zoom,232607 kB,12.3
2025-04-17,10638,zoom,440451 kB,19.7
2025-04-17,10638,zoom,372545 kB,21.4
2025-04-17,66907,postman,236576 kB,11.4
2025-04-17,88719,minecraft,956691 kB,52.4
2025-04-18,66907,postman,174930 kB,2.9
2025-04-18,88719,minecraft,1598246 kB,55.0
2025-04-18,66907,postman,240792 kB,5.7
2025-04-18,48019,csgo_linux,1286886 kB,64.6
2025-04-18,66907,postman,244673 kB,3.7
2025-04-18,66907,postman,285502 kB,7.8
2025-04-18,30096,gradle,443043 kB,6.2
2025-04-18,87427,code,357356 kB,5.6
2025-04-18,87427,code,498612 kB,8.7
2025-04-18,88719,minecraft,846136 kB,28.8
2025-04-18,88719,minecraft,1069342 kB,47.0
2025-04-18,10638,zoom,233453 kB,5.7
2025-04-18,66907,postman,235607 kB,6.7
2025-04-18,88719,minecraft,1406060 kB,32.4
2025-04-18,97339,obs,207159 kB,13.3
2025-04-18,66907,postman,322987 kB,9.2
2025-04-18,10638,zoom,309086 kB,7.5
2025-04-18,88719,minecraft,1269202 kB,28.9
2025-04-18,61402,firefox,867017 kB,14.6
2025-04-18,87653,minecraft,1244852 kB,33.6
2025-04-18,87427,code,429757 kB,12.9
2025-04-18,97339,obs,384101 kB,14.5
2025-04-18,10638,zoom,396736 kB,5.3
2025-04-18,66907,postman,264106 kB,3.7
2025-04-18,74598,chrome,1415692 kB,9.0
2025-04-18,50066,emulator,2075027 kB,31.4
2025-04-18,87653,minecraft,1295704 kB,25.5
2025-04-18,87653,minecraft,936786 kB,20.0
2025-04-18,97339,obs,514229 kB,24.3
2025-04-18,74598,chrome,779773 kB,10.3
2025-04-18,87653,minecraft,1289138 kB,36.9
2025-04-18,74598,chrome,788868 kB,7.7
2025-04-18,61402,firefox,1180936 kB,6.0
2025-04-18,95719,obs,524619 kB,12.4
2025-04-18,42172,postman,339617 kB,2.3
2025-04-18,87653,minecraft,1147208 kB,37.8
2025-04-18,63002,steam,638681 kB,16.0
2025-04-18,42172,postman,275579 kB,4.0
2025-04-18,87653,minecraft,1067984 kB,45.9
2025-04-18,87653,minecraft,860650 kB,62.0
2025-04-18,74598,chrome,711828 kB,20.6
2025-04-18,87653,minecraft,858034 kB,58.4
2025-04-18,56595,chrome,884996 kB,15.6
2025-04-19,10638,zoom,492315 kB,7.7
2025-04-19,87653,minecraft,1138738 kB,42.7
2025-04-19,50066,emulator,1515119 kB,19.3
2025-04-19,42172,postman,153468 kB,7.6
2025-04-19,87653,minecraft,971536 kB,22.3
2025-04-19,87653,minecraft,1548262 kB,33.6
2025-04-19,42172,postman,209084 kB,6.1
2025-04-19,56595,chrome,836924 kB,6.1
2025-04-19,42172,postman,259192 kB,4.1
2025-04-19,87653,minecraft,1136180 kB,34.6
2025-04-19,95719,obs,292391 kB,18.5
2025-04-19,56595,chrome,1348354 kB,17.6
2025-04-19,42172,postman,166012 kB,3.3
2025-04-19,95719,obs,309025 kB,32.8
2025-04-19,87653,minecraft,1496733 kB,29.2
2025-04-19,61402,firefox,1098446 kB,9.1
2025-04-19,42172,postman,263805 kB,6.6
2025-04-19,42172,postman,255246 kB,7.1
2025-04-19,42172,postman,206608 kB,7.2
2025-04-19,10638,zoom,227836 kB,17.4
2025-04-19,10638,zoom,328037 kB,18.9
2025-04-19,56595,chrome,1316858 kB,14.4
2025-04-19,87653,minecraft,1260843 kB,29.5
2025-04-19,61402,firefox,683386 kB,7.9
2025-04-19,87123,csgo_linux,1723141 kB,51.9
2025-04-19,10638,zoom,470742 kB,13.5
2025-04-19,82084,firefox,619812 kB,2.8
2025-04-19,10593,android-studio,1421619 kB,22.4
2025-04-19,10638,zoom,353110 kB,16.1
2025-04-19,42172,postman,334765 kB,4.6
2025-04-19,10638,zoom,314379 kB,19.1
2025-04-19,42172,postman,215158 kB,3.4
2025-04-19,87653,minecraft,1417885 kB,23.7
2025-04-19,2500,gnome-shell,214334 kB,3.9
2025-04-19,42172,postman,190510 kB,6.2
2025-04-19,82084,firefox,761926 kB,17.0
2025-04-19,56595,chrome,1478232 kB,12.2
2025-04-19,59576,zoom,455385 kB,7.5
2025-04-19,2500,gnome-shell,170135 kB,3.1
2025-04-19,64128,discord,413145 kB,5.0
2025-04-19,59576,zoom,453701 kB,15.4
2025-04-19,59576,zoom,333828 kB,16.4
2025-04-19,87653,minecraft,1355513 kB,37.2
2025-04-19,87653,minecraft,1186661 kB,48.8
2025-04-19,42172,postman,277426 kB,7.2
2025-04-19,82084,firefox,850953 kB,19.0
2025-04-19,42172,postman,248320 kB,8.3
2025-04-19,82084,firefox,841403 kB,13.0
2025-04-19,42172,postman,322030 kB,6.5
2025-04-19,30096,gradle,622721 kB,28.2
2025-04-19,59576,zoom,288830 kB,18.2
2025-04-19,10593,android-studio,1942641 kB,26.2
2025-04-20,59576,zoom,345141 kB,12.2
2025-04-20,33469,obs,213428 kB,22.6
2025-04-20,87653,minecraft,1306864 kB,21.5
2025-04-20,42172,postman,297855 kB,8.6
2025-04-20,35372,minecraft,1021813 kB,65.5
2025-04-20,59576,zoom,485740 kB,5.3
2025-04-20,56595,chrome,1063698 kB,19.4
2025-04-20,82084,firefox,970292 kB,6.8
2025-04-20,59576,zoom,362011 kB,16.6
2025-04-20,42172,postman,280450 kB,3.1
2025-04-20,14327,chrome,679272 kB,14.6
2025-04-20,42172,postman,179541 kB,6.3
2025-04-20,66814,postman,330282 kB,2.1
2025-04-20,35372,minecraft,1415388 kB,52.0
2025-04-20,66814,postman,347987 kB,9.6
2025-04-20,27061,obs,467857 kB,25.8
2025-04-20,35372,minecraft,1437801 kB,44.5
2025-04-20,27061,obs,258847 kB,30.3
2025-04-20,59576,zoom,200141 kB,13.2
2025-04-20,14327,chrome,797717 kB,11.5
2025-04-20,74266,emulator,2786040 kB,57.9
2025-04-20,59576,zoom,494577 kB,10.2
2025-04-20,27061,obs,258801 kB,15.3
2025-04-20,63002,steam,546912 kB,23.4
2025-04-20,98226,steam,444284 kB,22.1
2025-04-20,66814,postman,207409 kB,3.6
2025-04-20,59576,zoom,331093 kB,13.6
2025-04-20,74266,emulator,2138121 kB,17.1
2025-04-20,22290,obs,314468 kB,8.5
2025-04-20,35372,minecraft,1533107 kB,57.1
2025-04-20,74266,emulator,1382879 kB,50.1
2025-04-20,59576,zoom,378009 kB,18.7
2025-04-20,66814,postman,216326 kB,5.1
2025-04-20,64128,discord,294278 kB,6.5
2025-04-20,87123,csgo_linux,1693282 kB,68.8
2025-04-20,66814,postman,341518 kB,6.5
2025-04-20,14327,chrome,1298650 kB,20.5
2025-04-20,35372,minecraft,1317358 kB,64.9
2025-04-20,59576,zoom,454842 kB,14.9
2025-04-20,66814,postman,212971 kB,5.9
2025-04-21,98226,steam,413615 kB,13.0
2025-04-21,66814,postman,233861 kB,7.9
2025-04-21,27091,spotify,279767 kB,2.0
2025-04-21,35372,minecraft,1579048 kB,23.4
2025-04-21,59576,zoom,494822 kB,4.9
2025-04-21,22290,obs,277209 kB,10.4
2025-04-21,35372,minecraft,1584100 kB,59.7
2025-04-21,2500,gnome-shell,175472 kB,2.7
2025-04-21,22290,obs,275389 kB,28.3
2025-04-21,64128,discord,280900 kB,7.0
2025-04-21,66814,postman,222830 kB,4.4
2025-04-21,22290,obs,436491 kB,18.1
2025-04-21,22290,obs,502729 kB,24.2
2025-04-21,97303,zoom,325300 kB,11.5
2025-04-21,66814,postman,185432 kB,8.6
2025-04-21,35372,minecraft,837635 kB,66.0
2025-04-21,14327,chrome,543908 kB,8.9
2025-04-21,10593,android-studio,1184063 kB,13.8
2025-04-21,66814,postman,151702 kB,8.6
2025-04-21,66814,postman,245304 kB,3.5
2025-04-21,66814,postman,332602 kB,4.8
2025-04-21,98226,steam,437876 kB,27.2
2025-04-21,87123,csgo_linux,1344025 kB,52.6
2025-04-21,35372,minecraft,957480 kB,61.4
2025-04-21,97303,zoom,205237 kB,19.7
2025-04-21,98226,steam,778258 kB,15.7
2025-04-21,97303,zoom,402921 kB,7.3
2025-04-21,87427,code,347782 kB,9.9
2025-04-21,2500,gnome-shell,210447 kB,4.6
2025-04-21,14327,chrome,931012 kB,13.1
2025-04-21,39322,zoom,463845 kB,8.9
2025-04-21,14327,chrome,695320 kB,7.8
2025-04-21,35372,minecraft,1149628 kB,67.5
2025-04-21,98226,steam,210235 kB,15.1
2025-04-21,35372,minecraft,834992 kB,43.3
2025-04-21,14327,chrome,831866 kB,5.1
2025-04-21,96460,postman,235085 kB,9.5
2025-04-21,22290,obs,381341 kB,10.0
2025-04-21,35372,minecraft,1555994 kB,65.4
2025-04-21,10593,android-studio,1385530 kB,35.6
2025-04-21,35372,minecraft,1414943 kB,38.3
2025-04-21,35372,minecraft,1219512 kB,81.5
2025-04-21,96460,postman,244071 kB,4.8
2025-04-21,96460,postman,310930 kB,5.8
2025-04-21,35372,minecraft,800307 kB,38.6
2025-04-21,87123,csgo_linux,1751443 kB,79.6
2025-04-21,35372,minecraft,1038582 kB,60.2
2025-04-22,35372,minecraft,902691 kB,40.2
2025-04-22,10593,android-studio,1616391 kB,26.6
2025-04-22,64128,discord,364593 kB,8.5
2025-04-22,12012,minecraft,1193638 kB,30.7
2025-04-22,12012,minecraft,817925 kB,65.1
2025-04-22,12012,minecraft,1062177 kB,66.0
2025-04-22,82084,firefox,717276 kB,16.9
2025-04-22,96460,postman,322322 kB,7.6
2025-04-22,12012,minecraft,1449226 kB,62.1
2025-04-22,22290,obs,404181 kB,25.8
2025-04-22,96460,postman,276392 kB,4.7
2025-04-22,10593,android-studio,1448508 kB,15.7
2025-04-22,64128,discord,189728 kB,6.4
2025-04-22,68804,minecraft,1369907 kB,36.8
2025-04-22,27091,spotify,121217 kB,6.0
2025-04-22,68804,minecraft,1263394 kB,60.0
2025-04-22,98544,minecraft,1518397 kB,37.9
2025-04-22,2500,gnome-shell,144526 kB,3.3
2025-04-22,96460,postman,279713 kB,3.6
2025-04-22,22290,obs,315808 kB,31.6
2025-04-22,64128,discord,168610 kB,9.7
2025-04-22,10593,android-studio,1987084 kB,36.9
2025-04-22,37336,zoom,485702 kB,5.0
2025-04-22,37336,zoom,341891 kB,4.9
2025-04-22,37336,zoom,283560 kB,14.8
2025-04-22,14327,chrome,699908 kB,5.2
2025-04-22,98544,minecraft,1075870 kB,69.1
2025-04-22,84626,obs,385768 kB,34.2
2025-04-22,30096,gradle,505360 kB,5.1
2025-04-22,96460,postman,317186 kB,2.9
2025-04-22,98544,minecraft,1377027 kB,55.0
2025-04-22,37336,zoom,227332 kB,16.7
2025-04-22,14327,chrome,788344 kB,24.8
2025-04-22,98544,minecraft,1368059 kB,61.3
2025-04-22,37336,zoom,303291 kB,16.0
2025-04-22,84626,obs,213158 kB,20.7
2025-04-22,84626,obs,230301 kB,17.3
2025-04-22,37336,zoom,309550 kB,19.1
2025-04-22,62274,obs,243794 kB,19.7
2025-04-22,62274,obs,236653 kB,7.2
2025-04-22,96460,postman,295075 kB,11.7
2025-04-22,96460,postman,189286 kB,8.4
2025-04-22,87427,code,307575 kB,6.7
2025-04-22,37336,zoom,458571 kB,17.7
2025-04-22,67405,minecraft,1352001 kB,48.2
2025-04-22,67405,minecraft,1142209 kB,33.7
2025-04-22,67405,minecraft,899967 kB,69.4
2025-04-22,62274,obs,373373 kB,11.3
2025-04-22,2500,gnome-shell,206823 kB,5.1
2025-04-22,82084,firefox,836972 kB,13.0
2025-04-22,82084,firefox,1167663 kB,5.3
2025-04-22,96460,postman,160961 kB,7.7
2025-04-23,96460,postman,345529 kB,4.9
2025-04-23,67405,minecraft,1442858 kB,23.2
2025-04-23,67405,minecraft,1160780 kB,34.1
2025-04-23,79346,minecraft,1234014 kB,68.7
2025-04-23,64128,discord,203925 kB,9.1
2025-04-23,98226,steam,525408 kB,15.2
2025-04-23,79346,minecraft,939105 kB,40.4
2025-04-23,79346,minecraft,1511017 kB,27.4
2025-04-23,74266,emulator,1397755 kB,40.9
2025-04-23,11697,minecraft,932132 kB,30.2
2025-04-23,96460,postman,230093 kB,9.1
2025-04-23,82084,firefox,1070336 kB,16.3
2025-04-23,96460,postman,181198 kB,9.5
2025-04-23,37336,zoom,246836 kB,17.3
2025-04-23,37336,zoom,309121 kB,17.3
2025-04-23,11697,minecraft,1120393 kB,20.6
2025-04-23,96460,postman,285566 kB,3.4
2025-04-23,96460,postman,197892 kB,8.1
2025-04-23,2500,gnome-shell,197803 kB,4.0
2025-04-23,10593,android-studio,1247786 kB,17.1
2025-04-23,87427,code,516711 kB,6.2
2025-04-23,11697,minecraft,1213343 kB,41.5
2025-04-23,11697,minecraft,1549978 kB,64.9
2025-04-23,98226,steam,246106 kB,34.7
2025-04-23,2500,gnome-shell,175362 kB,3.2
2025-04-23,11697,minecraft,928785 kB,37.1
2025-04-23,11697,minecraft,1371253 kB,29.7
2025-04-23,11697,minecraft,1444112 kB,49.7
2025-04-23,14327,chrome,1019805 kB,10.8
2025-04-23,96460,postman,332225 kB,3.4
2025-04-23,96460,postman,154343 kB,8.5
2025-04-23,75997,code,369436 kB,10.4
2025-04-23,11697,minecraft,1355133 kB,47.6
2025-04-23,37336,zoom,298714 kB,15.5
2025-04-23,74266,emulator,1929814 kB,47.2
2025-04-23,30096,gradle,358374 kB,24.5
2025-04-23,96460,postman,162099 kB,7.1
2025-04-23,11697,minecraft,1443105 kB,51.2
2025-04-23,37336,zoom,399088 kB,19.7
2025-04-23,96460,postman,227266 kB,3.0
2025-04-23,14327,chrome,811854 kB,28.8
2025-04-23,2500,gnome-shell,141534 kB,2.3
2025-04-23,11697,minecraft,1265296 kB,62.5
2025-04-23,37336,zoom,346242 kB,12.4
2025-04-23,72609,zoom,269441 kB,17.2
2025-04-23,11697,minecraft,1183177 kB,48.6
2025-04-23,96460,postman,198157 kB,8.7
2025-04-23,62274,obs,522473 kB,25.9
2025-04-23,72609,zoom,271168 kB,21.0
2025-04-23,62274,obs,549629 kB,15.1
2025-04-23,72609,zoom,294514 kB,18.0
2025-04-24,14327,chrome,1219415 kB,17.1
2025-04-24,25990,obs,225719 kB,13.7
2025-04-24,11697,minecraft,1213734 kB,50.1
2025-04-24,25990,obs,416736 kB,8.7
2025-04-24,72609,zoom,401147 kB,12.2
2025-04-24,87123,csgo_linux,2182887 kB,23.2
2025-04-24,10593,android-studio,1297827 kB,34.4
2025-04-24,25990,obs,337452 kB,6.5
2025-04-24,72609,zoom,255987 kB,8.9
2025-04-24,87123,csgo_linux,1429231 kB,45.1
2025-04-24,96460,postman,330113 kB,2.8
2025-04-24,25990,obs,362873 kB,17.5
2025-04-24,64128,discord,229253 kB,11.8
2025-04-24,25990,obs,472699 kB,29.7
2025-04-24,11697,minecraft,1405189 kB,37.7
2025-04-24,72609,zoom,344323 kB,11.2
2025-04-24,72609,zoom,276852 kB,12.6
2025-04-24,11697,minecraft,1039162 kB,39.2
2025-04-24,30096,gradle,511994 kB,17.4
2025-04-24,26337,minecraft,882341 kB,40.2
2025-04-24,96460,postman,205758 kB,2.1
2025-04-24,82084,firefox,945445 kB,6.4
2025-04-24,25990,obs,278121 kB,12.8
2025-04-24,10593,android-studio,1407100 kB,24.6
2025-04-24,64128,discord,253282 kB,7.8
2025-04-24,72609,zoom,243968 kB,15.0
2025-04-24,90502,zoom,434484 kB,12.8
2025-04-24,10593,android-studio,1671282 kB,32.5
2025-04-24,10593,android-studio,1810837 kB,27.0
2025-04-24,90502,zoom,217815 kB,9.6
2025-04-24,26337,minecraft,1357322 kB,55.8
2025-04-24,96460,postman,333747 kB,5.2
2025-04-24,90502,zoom,400317 kB,12.6
2025-04-24,25990,obs,505455 kB,18.0
2025-04-24,96460,postman,291844 kB,8.4
2025-04-24,26337,minecraft,876727 kB,82.4
2025-04-24,27091,spotify,296423 kB,6.6
2025-04-24,90502,zoom,375238 kB,12.2
2025-04-24,96460,postman,226054 kB,10.9
2025-04-24,93613,obs,369948 kB,17.6
2025-04-24,90502,zoom,324866 kB,9.8
2025-04-25,96460,postman,319229 kB,8.8
2025-04-25,58776,obs,527783 kB,25.7
2025-04-25,26337,minecraft,955189 kB,63.8
2025-04-25,58776,obs,239635 kB,11.7
2025-04-25,96460,postman,348614 kB,8.8
2025-04-25,72559,postman,339414 kB,3.4
2025-04-25,82084,firefox,1049484 kB,3.8
2025-04-25,26337,minecraft,1252711 kB,23.5
2025-04-25,26337,minecraft,1201562 kB,61.8
2025-04-25,26337,minecraft,989259 kB,41.3
2025-04-25,41697,csgo_linux,2221225 kB,54.6
2025-04-25,58776,obs,492261 kB,5.5
2025-04-25,26337,minecraft,857547 kB,27.7
2025-04-25,90502,zoom,357257 kB,12.2
2025-04-25,58776,obs,394534 kB,18.5
2025-04-25,75997,code,523771 kB,7.6
2025-04-25,72559,postman,248132 kB,8.6
2025-04-25,26337,minecraft,1037730 kB,30.4
2025-04-25,64128,discord,169865 kB,6.0
2025-04-25,2500,gnome-shell,166261 kB,2.0
2025-04-25,30096,gradle,472066 kB,12.2
2025-04-25,26337,minecraft,1121343 kB,47.5
2025-04-25,90502,zoom,386250 kB,14.0
2025-04-25,58776,obs,414350 kB,8.2
2025-04-25,72559,postman,262839 kB,2.6
2025-04-25,26337,minecraft,1492439 kB,47.7
2025-04-25,72559,postman,256351 kB,4.3
2025-04-25,74266,emulator,1310223 kB,23.1
2025-04-25,80914,zoom,498073 kB,17.4
2025-04-25,80914,zoom,209279 kB,7.8
2025-04-25,79551,postman,268574 kB,8.9
2025-04-25,58776,obs,337751 kB,34.5
2025-04-25,12844,postman,338413 kB,4.1
2025-04-25,12844,postman,334800 kB,2.5
2025-04-25,10593,android-studio,1017883 kB,13.5
2025-04-25,2500,gnome-shell,200208 kB,1.1
2025-04-25,74266,emulator,1415503 kB,64.5
2025-04-25,98226,steam,256096 kB,31.9
2025-04-25,75997,code,256069 kB,9.4
2025-04-25,58776,obs,410325 kB,18.8
2025-04-25,26337,minecraft,1003937 kB,64.0
2025-04-25,82084,firefox,935304 kB,14.2
2025-04-25,82084,firefox,438012 kB,14.9
2025-04-25,10593,android-studio,1914360 kB,23.6
2025-04-25,26337,minecraft,849773 kB,58.4
2025-04-25,41697,csgo_linux,1308765 kB,49.7
2025-04-25,80914,zoom,231305 kB,14.8
2025-04-25,26337,minecraft,1038442 kB,39.8
2025-04-25,12844,postman,287199 kB,6.7
2025-04-25,64128,discord,228662 kB,8.3
2025-04-25,58776,obs,538019 kB,14.0
2025-04-25,14327,chrome,932011 kB,16.4
2025-04-25,26337,minecraft,1544964 kB,79.3
2025-04-25,58776,obs,308555 kB,25.2
2025-04-26,2500,gnome-shell,183953 kB,1.2
2025-04-26,69258,obs,366752 kB,17.6
2025-04-26,80914,zoom,295842 kB,13.9
2025-04-26,12844,postman,260220 kB,7.6
2025-04-26,92365,csgo_linux,1299492 kB,60.0
2025-04-26,2500,gnome-shell,163801 kB,2.9
2025-04-26,12844,postman,212570 kB,7.2
2025-04-26,69258,obs,345208 kB,5.6
2025-04-26,12844,postman,310781 kB,2.3
2025-04-26,13313,minecraft,842783 kB,39.1
2025-04-26,12844,postman,336041 kB,3.2
2025-04-26,45768,zoom,353452 kB,13.1
2025-04-26,13313,minecraft,871491 kB,49.4
2025-04-26,69258,obs,266415 kB,33.7
2025-04-26,45768,zoom,289918 kB,6.1
2025-04-26,74266,emulator,2009620 kB,51.7
2025-04-26,14327,chrome,1301029 kB,14.2
2025-04-26,13313,minecraft,1140966 kB,21.6
2025-04-26,64834,postman,204458 kB,4.1
2025-04-26,82084,firefox,501223 kB,7.1
2025-04-26,14327,chrome,597218 kB,10.2
2025-04-26,10593,android-studio,1301705 kB,18.4
2025-04-26,64834,postman,155989 kB,2.9
2025-04-26,64128,discord,261073 kB,8.7
2025-04-26,42432,postman,214914 kB,3.3
2025-04-26,2500,gnome-shell,195702 kB,1.6
2025-04-26,14327,chrome,812385 kB,18.4
2025-04-26,69258,obs,387064 kB,7.2
2025-04-26,13313,minecraft,987441 kB,53.3
2025-04-26,79089,gradle,373879 kB,16.4
2025-04-26,69258,obs,226557 kB,20.4
2025-04-26,94760,minecraft,976076 kB,31.1
2025-04-26,94760,minecraft,1450396 kB,49.9
2025-04-26,33362,firefox,573614 kB,14.4
2025-04-26,37455,postman,224719 kB,7.7
2025-04-26,45768,zoom,321688 kB,6.7
2025-04-26,94760,minecraft,882795 kB,21.2
2025-04-26,98226,steam,301138 kB,27.1
2025-04-26,64030,zoom,481849 kB,9.9
2025-04-26,58764,postman,309116 kB,5.2
2025-04-26,71507,obs,458634 kB,33.0
2025-04-26,94760,minecraft,1334177 kB,69.0
2025-04-26,94760,minecraft,1049914 kB,48.0
2025-04-26,58764,postman,174357 kB,10.0
2025-04-26,58764,postman,206275 kB,5.4
2025-04-26,64030,zoom,265536 kB,12.2
2025-04-26,94760,minecraft,886914 kB,64.1
2025-04-26,18166,zoom,426977 kB,9.6
2025-04-26,89333,firefox,918415 kB,5.5
2025-04-26,1234,Xorg,60888 kB,2.0
2025-04-26,75997,code,402492 kB,8.0
2025-04-27,94760,minecraft,878740 kB,38.9
2025-04-27,18166,zoom,308697 kB,15.0
2025-04-27,18166,zoom,236026 kB,4.1
2025-04-27,94760,minecraft,1406059 kB,24.2
2025-04-27,79089,gradle,514663 kB,24.4
2025-04-27,71507,obs,456984 kB,31.6
2025-04-27,27091,spotify,195838 kB,4.4
2025-04-27,94760,minecraft,910534 kB,26.6
2025-04-27,94760,minecraft,1461040 kB,47.6
2025-04-27,94760,minecraft,815779 kB,27.2
2025-04-27,58764,postman,275078 kB,2.9
2025-04-27,71507,obs,312268 kB,21.8
2025-04-27,71507,obs,499498 kB,5.3
2025-04-27,83086,android-studio,1962645 kB,15.1
2025-04-27,14327,chrome,598486 kB,17.9
2025-04-27,71507,obs,544038 kB,13.5
2025-04-27,57147,postman,222778 kB,9.8
2025-04-27,89333,firefox,460985 kB,6.5
2025-04-27,49691,postman,238558 kB,4.2
2025-04-27,38872,zoom,226912 kB,11.8
2025-04-27,94760,minecraft,1501064 kB,33.5
2025-04-27,94760,minecraft,1476427 kB,34.9
2025-04-27,89333,firefox,963397 kB,5.6
2025-04-27,38872,zoom,264651 kB,4.7
2025-04-27,71507,obs,341229 kB,5.7
2025-04-27,14327,chrome,561421 kB,7.2
2025-04-27,71507,obs,508279 kB,24.9
2025-04-27,2500,gnome-shell,147151 kB,2.5
2025-04-27,26123,minecraft,1281495 kB,65.1
2025-04-27,71507,obs,520708 kB,28.8
2025-04-27,38872,zoom,482218 kB,16.7
2025-04-27,14327,chrome,1288661 kB,12.1
2025-04-27,80099,minecraft,1248454 kB,65.0
2025-04-27,14327,chrome,711959 kB,10.8
2025-04-27,50614,gradle,688382 kB,6.2
2025-04-27,40376,minecraft,1217229 kB,46.3
2025-04-27,49691,postman,168442 kB,3.9
2025-04-27,71507,obs,445620 kB,8.2
2025-04-27,36281,obs,291997 kB,37.9
2025-04-27,38872,zoom,453585 kB,14.2
2025-04-27,36281,obs,216169 kB,32.6
2025-04-27,50614,gradle,561728 kB,26.4
2025-04-27,89333,firefox,795613 kB,6.1
2025-04-27,36281,obs,252363 kB,25.6
2025-04-27,2500,gnome-shell,131747 kB,4.6
2025-04-27,36281,obs,265332 kB,22.2
2025-04-27,49691,postman,253601 kB,11.4
2025-04-27,36281,obs,213043 kB,22.4
2025-04-27,34908,minecraft,1055463 kB,37.3
2025-04-27,38872,zoom,280272 kB,23.0
2025-04-27,38872,zoom,458872 kB,12.5
2025-04-28,36281,obs,340849 kB,24.7
2025-04-28,49691,postman,163666 kB,8.2
2025-04-28,38872,zoom,212525 kB,10.0
2025-04-28,49691,postman,343292 kB,4.1
2025-04-28,49691,postman,304461 kB,3.3
2025-04-28,89333,firefox,848825 kB,10.5
2025-04-28,36281,obs,347746 kB,23.4
2025-04-28,38872,zoom,300393 kB,4.0
2025-04-28,27091,spotify,263662 kB,4.0
2025-04-28,49691,postman,306247 kB,4.8
2025-04-28,36281,obs,208156 kB,33.9
2025-04-28,36281,obs,423953 kB,34.7
2025-04-28,34908,minecraft,1549561 kB,62.9
2025-04-28,36281,obs,433020 kB,16.6
2025-04-28,38872,zoom,472736 kB,10.0
2025-04-28,36281,obs,513943 kB,10.2
2025-04-28,74266,emulator,1753957 kB,23.9
2025-04-28,92365,csgo_linux,2180487 kB,76.4
2025-04-28,50614,gradle,318091 kB,24.2
2025-04-28,2500,gnome-shell,160683 kB,2.2
2025-04-28,36281,obs,491412 kB,30.6
2025-04-28,75997,code,461436 kB,5.7
2025-04-28,27790,postman,208566 kB,2.5
2025-04-28,36281,obs,475841 kB,21.0
2025-04-28,34908,minecraft,1331945 kB,68.6
2025-04-28,12895,postman,294071 kB,4.0
2025-04-28,75997,code,539296 kB,11.3
2025-04-28,36281,obs,322658 kB,17.6
2025-04-28,36281,obs,341004 kB,23.9
2025-04-28,89333,firefox,992772 kB,10.1
2025-04-28,38872,zoom,343423 kB,13.9
2025-04-28,34908,minecraft,1298912 kB,59.9
2025-04-28,34908,minecraft,810236 kB,32.9
2025-04-28,36281,obs,455469 kB,21.1
2025-04-28,36281,obs,253198 kB,11.6
2025-04-28,34908,minecraft,1433210 kB,34.4
2025-04-28,89078,postman,195845 kB,3.1
2025-04-28,50614,gradle,344041 kB,18.1
